Workbook

Sheet Run distances
A1: Rise and Run Club
B2: Distance per lap (km): | D2: 0.3
E3: Week 2 | J3: Week 3 | O3: Week 4 | T3: Week 5 | Y3: Week 6 | AD3: Week 7 | AI3: Week 8 | AN3: Week 9 | AS3: Week 10 | AX3: Week 11
A4: Student Name | B4: Year | C4: House | D4: Care Group | E4: Tuesday | F4: Wednesday | G4: Thursday | H4: Friday | J4: Tuesday | K4: Wednesday | L4: Thursday | M4: Friday | O4: Tuesday | P4: Wednesday | Q4: Thursday | R4: Friday | T4: Tuesday | U4: Wednesday | V4: Thursday | W4: Friday | Y4: Tuesday | Z4: Wednesday | AA4: Thursday | AB4: Friday | AD4: Tuesday | AE4: Wednesday | AF4: Thursday | AG4: Friday | AI4: Tuesday | AJ4: Wednesday | AK4: Thursday | AL4: Friday | AN4: Tuesday | AO4: Wednesday | AP4: Thursday | AQ4: Friday | AS4: Tuesday | AT4: Wednesday | AU4: Thursday | AV4: Friday | AX4: Tuesday | AY4: Wednesday | AZ4: Thursday | BA4: Friday | BC4: Total Term Laps | BD4: Total Year Distance (km) | BE4: Total Term 1 Distance (km)
A5: HARPER J | B5: 1 | C5: SPENCER | D5: 1/2LC | E5: 0 | F5: 0 | G5: 0 | H5: 1 | L5: 1 | P5: 2 | BC5: =SUM(E5:BA5) -> 4 | BD5: =(SUM(BE5,'Run distances (Term 2)'!BI5,'Run distances (Term 3)'!BI5,'Run distances (Term 4)'!BI5)) -> 3.3 | BE5: =(SUM(E5:BB5)*$D$2) -> 1.2
A6: BEN W | B6: 1 | C6: SPENCER | D6: R/1ZG | BC6: =SUM(E6:BA6) -> 0 | BD6: =(SUM(BE6,'Run distances (Term 2)'!BI6,'Run distances (Term 3)'!BI6,'Run distances (Term 4)'!BI6)) -> 0.9 | BE6: =(SUM(E6:BB6)*$D$2) -> 0
A7: RYLEE M | B7: 1 | C7: SPENCER | D7: R/1ZG | BC7: =SUM(E7:BA7) -> 0 | BD7: =(SUM(BE7,'Run distances (Term 2)'!BI7,'Run distances (Term 3)'!BI7,'Run distances (Term 4)'!BI7)) -> 0.6 | BE7: =(SUM(E7:BB7)*$D$2) -> 0
A8: PEYTON V | B8: 1 | C8: SPENCER | D8: R/1ZG | BC8: =SUM(E8:BA8) -> 0 | BD8: =(SUM(BE8,'Run distances (Term 2)'!BI8,'Run distances (Term 3)'!BI8,'Run distances (Term 4)'!BI8)) -> 0.9 | BE8: =(SUM(E8:BB8)*$D$2) -> 0
A9: MAGGIE S | B9: 1 | C9: SPENCER | D9: R/1ZG | BC9: =SUM(E9:BA9) -> 0 | BD9: =(SUM(BE9,'Run distances (Term 2)'!BI9,'Run distances (Term 3)'!BI9,'Run distances (Term 4)'!BI9)) -> 12.3 | BE9: =(SUM(E9:BB9)*$D$2) -> 0
A10: ROSIE C | B10: 2 | C10: SPENCER | D10: 1/2LC | E10: 0 | F10: 0 | G10: 4 | H10: 2 | L10: 1 | Q10: 4 | T10: 1 | U10: 1 | Z10: 1 | AP10: 3 | AZ10: 4 | BC10: =SUM(E10:BA10) -> 21 | BD10: =(SUM(BE10,'Run distances (Term 2)'!BI10,'Run distances (Term 3)'!BI10,'Run distances (Term 4)'!BI10)) -> 10.2 | BE10: =(SUM(E10:BB10)*$D$2) -> 6.3
A11: ERIC D | B11: 2 | C11: SPENCER | D11: 1/2LC | E11: 1 | F11: 0 | G11: 2 | H11: 1 | P11: 3 | BC11: =SUM(E11:BA11) -> 7 | BD11: =(SUM(BE11,'Run distances (Term 2)'!BI11,'Run distances (Term 3)'!BI11,'Run distances (Term 4)'!BI11)) -> 2.4 | BE11: =(SUM(E11:BB11)*$D$2) -> 2.1
A12: HARRISON J | B12: 2 | C12: SPENCER | D12: 1/2LC | E12: 1 | F12: 0 | G12: 1 | H12: 4 | BC12: =SUM(E12:BA12) -> 6 | BD12: =(SUM(BE12,'Run distances (Term 2)'!BI12,'Run distances (Term 3)'!BI12,'Run distances (Term 4)'!BI12)) -> 6.9 | BE12: =(SUM(E12:BB12)*$D$2) -> 1.8
A13: LELAND J | B13: 2 | C13: SPENCER | D13: 1/2LC | E13: 0 | F13: 0 | G13: 2 | H13: 1 | BC13: =SUM(E13:BA13) -> 3 | BD13: =(SUM(BE13,'Run distances (Term 2)'!BI13,'Run distances (Term 3)'!BI13,'Run distances (Term 4)'!BI13)) -> 1.5 | BE13: =(SUM(E13:BB13)*$D$2) -> 0.9
A14: BILLY K | B14: 2 | C14: SPENCER | D14: 1/2LC | E14: 1 | F14: 0 | G14: 5 | H14: 0 | L14: 2 | BC14: =SUM(E14:BA14) -> 8 | BD14: =(SUM(BE14,'Run distances (Term 2)'!BI14,'Run distances (Term 3)'!BI14,'Run distances (Term 4)'!BI14)) -> 2.4 | BE14: =(SUM(E14:BB14)*$D$2) -> 2.4
A15: ALEX Y | B15: 2 | C15: SPENCER | D15: 1/2LC | BC15: =SUM(E15:BA15) -> 0 | BD15: =(SUM(BE15,'Run distances (Term 2)'!BI15,'Run distances (Term 3)'!BI15,'Run distances (Term 4)'!BI15)) -> 0 | BE15: =(SUM(E15:BB15)*$D$2) -> 0
A16: CONNOR C | B16: 10 | C16: SPENCER | D16: 10CF | M16: 1 | BC16: =SUM(E16:BA16) -> 1 | BD16: =(SUM(BE16,'Run distances (Term 2)'!BI16,'Run distances (Term 3)'!BI16,'Run distances (Term 4)'!BI16)) -> 3.3 | BE16: =(SUM(E16:BB16)*$D$2) -> 0.3
A17: HALEIGH S | B17: 10 | C17: SPENCER | D17: 10CF | Z17: 1 | AA17: 1 | BC17: =SUM(E17:BA17) -> 2 | BD17: =(SUM(BE17,'Run distances (Term 2)'!BI17,'Run distances (Term 3)'!BI17,'Run distances (Term 4)'!BI17)) -> 0.6 | BE17: =(SUM(E17:BB17)*$D$2) -> 0.6
A18: ANAIS G | B18: 10 | C18: SPENCER | D18: 10CF | J18: 0 | K18: 2 | L18: 3 | M18: 3 | Q18: 3 | R18: 1 | U18: 4 | W18: 1 | BC18: =SUM(E18:BA18) -> 17 | BD18: =(SUM(BE18,'Run distances (Term 2)'!BI18,'Run distances (Term 3)'!BI18,'Run distances (Term 4)'!BI18)) -> 7.2 | BE18: =(SUM(E18:BB18)*$D$2) -> 5.1
A19: AXYL W | B19: 11 | C19: SPENCER | D19: 11DF | E19: 0 | F19: 0 | G19: 2 | H19: 0 | M19: 2 | BC19: =SUM(E19:BA19) -> 4 | BD19: =(SUM(BE19,'Run distances (Term 2)'!BI19,'Run distances (Term 3)'!BI19,'Run distances (Term 4)'!BI19)) -> 1.2 | BE19: =(SUM(E19:BB19)*$D$2) -> 1.2
A20: DREY W | B20: 11 | C20: SPENCER | D20: 11DF | BC20: =SUM(E20:BA20) -> 0 | BD20: =(SUM(BE20,'Run distances (Term 2)'!BI20,'Run distances (Term 3)'!BI20,'Run distances (Term 4)'!BI20)) -> 0 | BE20: =(SUM(E20:BB20)*$D$2) -> 0
A21: NOAH MC | B21: 11 | C21: SPENCER | D21: 11DF | E21: 0 | F21: 0 | G21: 2 | H21: 0 | BC21: =SUM(E21:BA21) -> 2 | BD21: =(SUM(BE21,'Run distances (Term 2)'!BI21,'Run distances (Term 3)'!BI21,'Run distances (Term 4)'!BI21)) -> 0.6 | BE21: =(SUM(E21:BB21)*$D$2) -> 0.6
A22: ELIJAH MC | B22: 12 | C22: SPENCER | D22: 12KC | BC22: =SUM(E22:BA22) -> 0 | BD22: =(SUM(BE22,'Run distances (Term 2)'!BI22,'Run distances (Term 3)'!BI22,'Run distances (Term 4)'!BI22)) -> 0 | BE22: =(SUM(E22:BB22)*$D$2) -> 0
A23: WILL C | B23: 3 | C23: SPENCER | D23: 3LB | BC23: =SUM(E23:BA23) -> 0 | BD23: =(SUM(BE23,'Run distances (Term 2)'!BI23,'Run distances (Term 3)'!BI23,'Run distances (Term 4)'!BI23)) -> 9 | BE23: =(SUM(E23:BB23)*$D$2) -> 0
A24: NATE H | B24: 3 | C24: SPENCER | D24: 3LB | M24: 2 | BC24: =SUM(E24:BA24) -> 2 | BD24: =(SUM(BE24,'Run distances (Term 2)'!BI24,'Run distances (Term 3)'!BI24,'Run distances (Term 4)'!BI24)) -> 6.9 | BE24: =(SUM(E24:BB24)*$D$2) -> 0.6
A25: MAEVE H | B25: 3 | C25: SPENCER | D25: 3LB | E25: 0 | F25: 0 | G25: 3 | H25: 2 | L25: 1 | M25: 2 | O25: 1 | P25: 2 | Q25: 1 | T25: 2 | Z25: 1 | AJ25: 2 | AK25: 3 | AL25: 2 | AP25: 2 | BC25: =SUM(E25:BA25) -> 24 | BD25: =(SUM(BE25,'Run distances (Term 2)'!BI25,'Run distances (Term 3)'!BI25,'Run distances (Term 4)'!BI25)) -> 29.1 | BE25: =(SUM(E25:BB25)*$D$2) -> 7.2
A26: LEVI J | B26: 3 | C26: SPENCER | D26: 3LB | BC26: =SUM(E26:BA26) -> 0 | BD26: =(SUM(BE26,'Run distances (Term 2)'!BI26,'Run distances (Term 3)'!BI26,'Run distances (Term 4)'!BI26)) -> 5.7 | BE26: =(SUM(E26:BB26)*$D$2) -> 0
A27: MAX K | B27: 3 | C27: SPENCER | D27: 3LB | E27: 1 | F27: 0 | G27: 4 | H27: 4 | L27: 1 | BC27: =SUM(E27:BA27) -> 10 | BD27: =(SUM(BE27,'Run distances (Term 2)'!BI27,'Run distances (Term 3)'!BI27,'Run distances (Term 4)'!BI27)) -> 26.4 | BE27: =(SUM(E27:BB27)*$D$2) -> 3
A28: ALEX S | B28: 3 | C28: SPENCER | D28: 3LB | BC28: =SUM(E28:BA28) -> 0 | BD28: =(SUM(BE28,'Run distances (Term 2)'!BI28,'Run distances (Term 3)'!BI28,'Run distances (Term 4)'!BI28)) -> 26.1 | BE28: =(SUM(E28:BB28)*$D$2) -> 0
A29: ELSIE D | B29: 5 | C29: SPENCER | D29: 4/5CR | E29: 0 | F29: 0 | G29: 2 | H29: 0 | AT29: 2 | BC29: =SUM(E29:BA29) -> 4 | BD29: =(SUM(BE29,'Run distances (Term 2)'!BI29,'Run distances (Term 3)'!BI29,'Run distances (Term 4)'!BI29)) -> 2.1 | BE29: =(SUM(E29:BB29)*$D$2) -> 1.2
A30: AMELIA C | B30: 5 | C30: SPENCER | D30: 4/5CR | BC30: =SUM(E30:BA30) -> 0 | BD30: =(SUM(BE30,'Run distances (Term 2)'!BI30,'Run distances (Term 3)'!BI30,'Run distances (Term 4)'!BI30)) -> 3.9 | BE30: =(SUM(E30:BB30)*$D$2) -> 0
A31: RYELEY D | B31: 5 | C31: SPENCER | D31: 4/5CR | E31: 0 | F31: 0 | G31: 4 | H31: 0 | T31: 4 | U31: 6 | V31: 7 | W31: 6 | Y31: 2 | AQ31: 2 | BC31: =SUM(E31:BA31) -> 31 | BD31: =(SUM(BE31,'Run distances (Term 2)'!BI31,'Run distances (Term 3)'!BI31,'Run distances (Term 4)'!BI31)) -> 20.7 | BE31: =(SUM(E31:BB31)*$D$2) -> 9.3
A32: LEO G | B32: 5 | C32: SPENCER | D32: 4/5CR | E32: 5 | F32: 6 | G32: 7 | H32: 8 | J32: 4 | K32: 0 | O32: 3 | P32: 9 | Q32: 4 | U32: 5 | V32: 8 | W32: 7 | AJ32: 3 | AK32: 5 | AL32: 6 | AP32: 2 | AQ32: 4 | BA32: 2 | BC32: =SUM(E32:BA32) -> 88 | BD32: =(SUM(BE32,'Run distances (Term 2)'!BI32,'Run distances (Term 3)'!BI32,'Run distances (Term 4)'!BI32)) -> 44.4 | BE32: =(SUM(E32:BB32)*$D$2) -> 26.4
A33: JIMMY H | B33: 5 | C33: SPENCER | D33: 4/5CR | E33: 0 | F33: 0 | G33: 1 | H33: 2 | T33: 3 | V33: 2 | W33: 2 | Z33: 3 | AJ33: 3 | AK33: 4 | AL33: 5 | AO33: 3 | AP33: 3 | AQ33: 1 | BC33: =SUM(E33:BA33) -> 32 | BD33: =(SUM(BE33,'Run distances (Term 2)'!BI33,'Run distances (Term 3)'!BI33,'Run distances (Term 4)'!BI33)) -> 27.9 | BE33: =(SUM(E33:BB33)*$D$2) -> 9.6
A34: OWEN R | B34: 5 | C34: SPENCER | D34: 4/5CR | E34: 0 | F34: 0 | G34: 1 | H34: 2 | J34: 4 | K34: 3 | Z34: 4 | AK34: 3 | AL34: 3 | AP34: 1 | BC34: =SUM(E34:BA34) -> 21 | BD34: =(SUM(BE34,'Run distances (Term 2)'!BI34,'Run distances (Term 3)'!BI34,'Run distances (Term 4)'!BI34)) -> 21.6 | BE34: =(SUM(E34:BB34)*$D$2) -> 6.3
A35: MAGGIE C | B35: 4 | C35: SPENCER | D35: 4JH | E35: 0 | F35: 0 | G35: 3 | H35: 5 | P35: 2 | BC35: =SUM(E35:BA35) -> 10 | BD35: =(SUM(BE35,'Run distances (Term 2)'!BI35,'Run distances (Term 3)'!BI35,'Run distances (Term 4)'!BI35)) -> 12.9 | BE35: =(SUM(E35:BB35)*$D$2) -> 3
A36: KYDEN M | B36: 4 | C36: SPENCER | D36: 4JH | J36: 3 | K36: 0 | P36: 1 | T36: 3 | W36: 3 | AK36: 3 | BC36: =SUM(E36:BA36) -> 13 | BD36: =(SUM(BE36,'Run distances (Term 2)'!BI36,'Run distances (Term 3)'!BI36,'Run distances (Term 4)'!BI36)) -> 16.8 | BE36: =(SUM(E36:BB36)*$D$2) -> 3.9
A37: LIAM R | B37: 4 | C37: SPENCER | D37: 4JH | E37: 0 | F37: 0 | G37: 1 | H37: 2 | J37: 4 | K37: 3 | Z37: 5 | AK37: 4 | AL37: 3 | BC37: =SUM(E37:BA37) -> 22 | BD37: =(SUM(BE37,'Run distances (Term 2)'!BI37,'Run distances (Term 3)'!BI37,'Run distances (Term 4)'!BI37)) -> 15 | BE37: =(SUM(E37:BB37)*$D$2) -> 6.6
A38: BAILEY S | B38: 4 | C38: SPENCER | D38: 4JH | E38: 0 | F38: 1 | G38: 1 | H38: 1 | J38: 0 | K38: 1 | P38: 1 | Q38: 2 | T38: 2 | Y38: 2 | Z38: 2 | AI38: 2 | AL38: 3 | AO38: 2 | AQ38: 2 | BC38: =SUM(E38:BA38) -> 22 | BD38: =(SUM(BE38,'Run distances (Term 2)'!BI38,'Run distances (Term 3)'!BI38,'Run distances (Term 4)'!BI38)) -> 15.3 | BE38: =(SUM(E38:BB38)*$D$2) -> 6.6
A39: ZARA T | B39: 4 | C39: SPENCER | D39: 4JH | E39: 0 | F39: 0 | G39: 1 | H39: 2 | J39: 2 | K39: 0 | M39: 3 | AG39: 4 | AP39: 2 | AQ39: 2 | BC39: =SUM(E39:BA39) -> 16 | BD39: =(SUM(BE39,'Run distances (Term 2)'!BI39,'Run distances (Term 3)'!BI39,'Run distances (Term 4)'!BI39)) -> 17.1 | BE39: =(SUM(E39:BB39)*$D$2) -> 4.8
A40: RHETT W | B40: 4 | C40: SPENCER | D40: 4JH | E40: 0 | F40: 0 | G40: 1 | H40: 1 | M40: 4 | BC40: =SUM(E40:BA40) -> 6 | BD40: =(SUM(BE40,'Run distances (Term 2)'!BI40,'Run distances (Term 3)'!BI40,'Run distances (Term 4)'!BI40)) -> 13.5 | BE40: =(SUM(E40:BB40)*$D$2) -> 1.8
A41: BAILLIE B | B41: 6 | C41: SPENCER | D41: MS1 | E41: 0 | F41: 7 | G41: 8 | H41: 0 | J41: 7 | K41: 1 | L41: 6 | M41: 6 | O41: 5 | P41: 10 | Q41: 3 | R41: 10 | T41: 7 | U41: 7 | V41: 5 | AA41: 3 | AE41: 5 | AF41: 7 | AG41: 1 | AI41: 3 | AJ41: 3 | AO41: 8 | AP41: 6 | BC41: =SUM(E41:BA41) -> 118 | BD41: =(SUM(BE41,'Run distances (Term 2)'!BI41,'Run distances (Term 3)'!BI41,'Run distances (Term 4)'!BI41)) -> 60.3 | BE41: =(SUM(E41:BB41)*$D$2) -> 35.4
A42: ISABELLA E | B42: 6 | C42: SPENCER | D42: MS1 | J42: 0 | K42: 5 | L42: 2 | O42: 5 | P42: 8 | T42: 4 | AI42: 4 | AX42: 7 | BC42: =SUM(E42:BA42) -> 35 | BD42: =(SUM(BE42,'Run distances (Term 2)'!BI42,'Run distances (Term 3)'!BI42,'Run distances (Term 4)'!BI42)) -> 21.9 | BE42: =(SUM(E42:BB42)*$D$2) -> 10.5
A43: LIVIA P | B43: 6 | C43: SPENCER | D43: MS1 | E43: 0 | F43: 5 | G43: 6 | H43: 6 | L43: 2 | M43: 2 | Q43: 5 | R43: 4 | U43: 3 | V43: 3 | BA43: 3 | BC43: =SUM(E43:BA43) -> 39 | BD43: =(SUM(BE43,'Run distances (Term 2)'!BI43,'Run distances (Term 3)'!BI43,'Run distances (Term 4)'!BI43)) -> 13.8 | BE43: =(SUM(E43:BB43)*$D$2) -> 11.7
A44: WILLOW S | B44: 6 | C44: SPENCER | D44: MS1 | E44: 0 | F44: 2 | G44: 5 | H44: 2 | J44: 3 | K44: 1 | L44: 4 | P44: 2 | Q44: 4 | R44: 4 | T44: 6 | U44: 2 | W44: 3 | Z44: 2 | AA44: 3 | AE44: 3 | AF44: 2 | AI44: 4 | AJ44: 3 | AL44: 7 | AO44: 1 | AP44: 3 | AX44: 7 | BC44: =SUM(E44:BA44) -> 73 | BD44: =(SUM(BE44,'Run distances (Term 2)'!BI44,'Run distances (Term 3)'!BI44,'Run distances (Term 4)'!BI44)) -> 54 | BE44: =(SUM(E44:BB44)*$D$2) -> 21.9
A45: LOUIS B | B45: 6 | C45: SPENCER | D45: MS2 | J45: 5 | K45: 0 | U45: 3 | V45: 2 | W45: 3 | AG45: 2 | BA45: 3 | BC45: =SUM(E45:BA45) -> 18 | BD45: =(SUM(BE45,'Run distances (Term 2)'!BI45,'Run distances (Term 3)'!BI45,'Run distances (Term 4)'!BI45)) -> 12 | BE45: =(SUM(E45:BB45)*$D$2) -> 5.4
A46: OLIVER C | B46: 6 | C46: SPENCER | D46: MS2 | O46: 3 | P46: 2 | Q46: 6 | R46: 3 | AA46: 5 | AT46: 5 | BC46: =SUM(E46:BA46) -> 24 | BD46: =(SUM(BE46,'Run distances (Term 2)'!BI46,'Run distances (Term 3)'!BI46,'Run distances (Term 4)'!BI46)) -> 14.7 | BE46: =(SUM(E46:BB46)*$D$2) -> 7.2
A47: LARA C | B47: 6 | C47: SPENCER | D47: MS2 | BC47: =SUM(E47:BA47) -> 0 | BD47: =(SUM(BE47,'Run distances (Term 2)'!BI47,'Run distances (Term 3)'!BI47,'Run distances (Term 4)'!BI47)) -> 8.7 | BE47: =(SUM(E47:BB47)*$D$2) -> 0
A48: HENLEY D | B48: 7 | C48: SPENCER | D48: MS2 | E48: 0 | F48: 0 | G48: 0 | H48: 1 | J48: 0 | K48: 5 | L48: 7 | M48: 6 | T48: 6 | U48: 6 | V48: 7 | W48: 5 | Z48: 3 | AA48: 2 | AE48: 4 | AF48: 5 | AG48: 7 | AJ48: 4 | AO48: 3 | AQ48: 3 | BC48: =SUM(E48:BA48) -> 74 | BD48: =(SUM(BE48,'Run distances (Term 2)'!BI48,'Run distances (Term 3)'!BI48,'Run distances (Term 4)'!BI48)) -> 28.2 | BE48: =(SUM(E48:BB48)*$D$2) -> 22.2
A49: ALEXIS L | B49: 7 | C49: SPENCER | D49: MS2 | E49: 0 | F49: 0 | G49: 0 | H49: 2 | J49: 5 | K49: 0 | L49: 5 | M49: 5 | O49: 4 | BC49: =SUM(E49:BA49) -> 21 | BD49: =(SUM(BE49,'Run distances (Term 2)'!BI49,'Run distances (Term 3)'!BI49,'Run distances (Term 4)'!BI49)) -> 28.5 | BE49: =(SUM(E49:BB49)*$D$2) -> 6.3
A50: EVIE T | B50: 7 | C50: SPENCER | D50: MS2 | J50: 1 | BC50: =SUM(E50:BA50) -> 1 | BD50: =(SUM(BE50,'Run distances (Term 2)'!BI50,'Run distances (Term 3)'!BI50,'Run distances (Term 4)'!BI50)) -> 3.9 | BE50: =(SUM(E50:BB50)*$D$2) -> 0.3
A51: DYLAN T | B51: 7 | C51: SPENCER | BC51: =SUM(E51:BA51) -> 0 | BD51: =(SUM(BE51,'Run distances (Term 2)'!BI51,'Run distances (Term 3)'!BI51,'Run distances (Term 4)'!BI51)) -> 0.9 | BE51: =(SUM(E51:BB51)*$D$2) -> 0
A52: KHWAHISH D | B52: 8 | C52: SPENCER | D52: MS3 | BC52: =SUM(E52:BA52) -> 0 | BD52: =(SUM(BE52,'Run distances (Term 2)'!BI52,'Run distances (Term 3)'!BI52,'Run distances (Term 4)'!BI52)) -> 0.9 | BE52: =(SUM(E52:BB52)*$D$2) -> 0
A53: STAN T | B53: 8 | C53: SPENCER | D53: MS3 | AA53: 3 | BC53: =SUM(E53:BA53) -> 3 | BD53: =(SUM(BE53,'Run distances (Term 2)'!BI53,'Run distances (Term 3)'!BI53,'Run distances (Term 4)'!BI53)) -> 0.9 | BE53: =(SUM(E53:BB53)*$D$2) -> 0.9
A54: HARRY D | B54: 8 | C54: SPENCER | D54: MS3 | O54: 2 | W54: 4 | AA54: 3 | BC54: =SUM(E54:BA54) -> 9 | BD54: =(SUM(BE54,'Run distances (Term 2)'!BI54,'Run distances (Term 3)'!BI54,'Run distances (Term 4)'!BI54)) -> 2.7 | BE54: =(SUM(E54:BB54)*$D$2) -> 2.7
A55: XANDER L | B55: 9 | C55: SPENCER | D55: MS4 | E55: 4 | F55: 7 | G55: 8 | H55: 6 | J55: 7 | K55: 6 | L55: 7 | M55: 9 | O55: 6 | P55: 8 | Q55: 8 | R55: 10 | T55: 7 | U55: 7 | V55: 7 | W55: 7 | Y55: 7 | Z55: 7 | AA55: 7 | AE55: 7 | AF55: 8 | AG55: 8 | AI55: 8 | AJ55: 7 | AK55: 5 | AL55: 9 | AO55: 6 | AP55: 6 | AQ55: 6 | AT55: 7 | AX55: 7 | BC55: =SUM(E55:BA55) -> 219 | BD55: =(SUM(BE55,'Run distances (Term 2)'!BI55,'Run distances (Term 3)'!BI55,'Run distances (Term 4)'!BI55)) -> 153.9 | BE55: =(SUM(E55:BB55)*$D$2) -> 65.7
A56: LIAM P | B56: 9 | C56: SPENCER | D56: MS4 | E56: 5 | F56: 7 | G56: 6 | H56: 6 | J56: 5 | K56: 6 | L56: 7 | M56: 5 | O56: 5 | P56: 7 | Q56: 8 | R56: 9 | T56: 7 | U56: 8 | V56: 7 | W56: 7 | Y56: 6 | Z56: 5 | AA56: 7 | AE56: 7 | AF56: 9 | AG56: 7 | AI56: 5 | AJ56: 5 | AK56: 4 | AL56: 4 | AO56: 6 | AP56: 5 | AQ56: 5 | AT56: 5 | AZ56: 2 | BA56: 3 | BC56: =SUM(E56:BA56) -> 190 | BD56: =(SUM(BE56,'Run distances (Term 2)'!BI56,'Run distances (Term 3)'!BI56,'Run distances (Term 4)'!BI56)) -> 115.8 | BE56: =(SUM(E56:BB56)*$D$2) -> 57
A57: JORJA B | B57: 8 | C57: SPENCER | D57: MS5 | E57: 5 | F57: 0 | G57: 8 | H57: 0 | J57: 7 | K57: 2 | M57: 3 | O57: 5 | P57: 10 | Q57: 3 | R57: 3 | T57: 6 | U57: 7 | V57: 7 | W57: 1 | Z57: 2 | AA57: 2 | AE57: 3 | AF57: 1 | AI57: 5 | AJ57: 2 | AL57: 1 | AO57: 1 | AP57: 1 | AQ57: 1 | AT57: 1 | BC57: =SUM(E57:BA57) -> 87 | BD57: =(SUM(BE57,'Run distances (Term 2)'!BI57,'Run distances (Term 3)'!BI57,'Run distances (Term 4)'!BI57)) -> 42 | BE57: =(SUM(E57:BB57)*$D$2) -> 26.1
A58: GEORGINA B | B58: 8 | C58: SPENCER | D58: MS5 | J58: 5 | K58: 0 | O58: 1 | R58: 4 | U58: 1 | V58: 1 | W58: 3 | AE58: 1 | AF58: 1 | AL58: 1 | BC58: =SUM(E58:BA58) -> 18 | BD58: =(SUM(BE58,'Run distances (Term 2)'!BI58,'Run distances (Term 3)'!BI58,'Run distances (Term 4)'!BI58)) -> 18.6 | BE58: =(SUM(E58:BB58)*$D$2) -> 5.4
A59: FINN G | B59: 8 | C59: SPENCER | D59: MS5 | E59: 4 | F59: 6 | G59: 0 | H59: 8 | Z59: 1 | AA59: 2 | AE59: 3 | AF59: 2 | AG59: 2 | AI59: 3 | AJ59: 3 | AO59: 3 | AP59: 2 | AQ59: 2 | BC59: =SUM(E59:BA59) -> 41 | BD59: =(SUM(BE59,'Run distances (Term 2)'!BI59,'Run distances (Term 3)'!BI59,'Run distances (Term 4)'!BI59)) -> 12.9 | BE59: =(SUM(E59:BB59)*$D$2) -> 12.3
A60: SAXON W | B60: 8 | C60: SPENCER | D60: MS5 | W60: 1 | Z60: 3 | AA60: 3 | AE60: 3 | AF60: 5 | AG60: 4 | AO60: 3 | AP60: 2 | AQ60: 3 | BC60: =SUM(E60:BA60) -> 27 | BD60: =(SUM(BE60,'Run distances (Term 2)'!BI60,'Run distances (Term 3)'!BI60,'Run distances (Term 4)'!BI60)) -> 8.4 | BE60: =(SUM(E60:BB60)*$D$2) -> 8.1
A61: DESTINY C | B61: 8 | C61: SPENCER | D61: MS5 | AQ61: 1 | BC61: =SUM(E61:BA61) -> 1 | BD61: =(SUM(BE61,'Run distances (Term 2)'!BI61,'Run distances (Term 3)'!BI61,'Run distances (Term 4)'!BI61)) -> 4.2 | BE61: =(SUM(E61:BB61)*$D$2) -> 0.3
A62: EVALYN M | B62: 9 | C62: SPENCER | D62: MS5 | BC62: =SUM(E62:BA62) -> 0 | BD62: =(SUM(BE62,'Run distances (Term 2)'!BI62,'Run distances (Term 3)'!BI62,'Run distances (Term 4)'!BI62)) -> 0.9 | BE62: =(SUM(E62:BB62)*$D$2) -> 0
A63: CHARLIE P | B63: 9 | C63: SPENCER | D63: MS5 | BC63: =SUM(E63:BA63) -> 0 | BD63: =(SUM(BE63,'Run distances (Term 2)'!BI63,'Run distances (Term 3)'!BI63,'Run distances (Term 4)'!BI63)) -> 0 | BE63: =(SUM(E63:BB63)*$D$2) -> 0
A64: ELLIE P | B64: 9 | C64: SPENCER | D64: MS5 | J64: 5 | K64: 2 | M64: 2 | Q64: 5 | R64: 1 | T64: 2 | U64: 2 | V64: 2 | W64: 4 | Z64: 3 | AA64: 3 | AE64: 3 | AF64: 3 | AI64: 1 | AJ64: 1 | AL64: 1 | AP64: 1 | AQ64: 2 | AT64: 1 | BC64: =SUM(E64:BA64) -> 44 | BD64: =(SUM(BE64,'Run distances (Term 2)'!BI64,'Run distances (Term 3)'!BI64,'Run distances (Term 4)'!BI64)) -> 24 | BE64: =(SUM(E64:BB64)*$D$2) -> 13.2
A65: NOAH H | B65: 1 | C65: SPENCER | D65: R/1 | J65: 0 | K65: 0 | L65: 1 | M65: 3 | BA65: 1 | BC65: =SUM(E65:BA65) -> 5 | BD65: =(SUM(BE65,'Run distances (Term 2)'!BI65,'Run distances (Term 3)'!BI65,'Run distances (Term 4)'!BI65)) -> 6.3 | BE65: =(SUM(E65:BB65)*$D$2) -> 1.5
A66: GABRIEL M | B66: 1 | C66: SPENCER | D66: R/1 | BC66: =SUM(E66:BA66) -> 0 | BD66: =(SUM(BE66,'Run distances (Term 2)'!BI66,'Run distances (Term 3)'!BI66,'Run distances (Term 4)'!BI66)) -> 5.1 | BE66: =(SUM(E66:BB66)*$D$2) -> 0
A67: ARCHER Y | B67: 1 | C67: SPENCER | BC67: =SUM(E67:BA67) -> 0 | BD67: =(SUM(BE67,'Run distances (Term 2)'!BI67,'Run distances (Term 3)'!BI67,'Run distances (Term 4)'!BI67)) -> 3.3 | BE67: =(SUM(E67:BB67)*$D$2) -> 0
A68: OLLIE C | B68: RE | C68: SPENCER | D68: RKC | P68: 6 | Q68: 6 | T68: 1 | U68: 1 | V68: 2 | W68: 4 | Y68: 2 | Z68: 2 | AA68: 3 | AE68: 4 | AJ68: 3 | AK68: 1 | AL68: 2 | AO68: 4 | AP68: 1 | AX68: 4 | BA68: 1 | BC68: =SUM(E68:BA68) -> 47 | BD68: =(SUM(BE68,'Run distances (Term 2)'!BI68,'Run distances (Term 3)'!BI68,'Run distances (Term 4)'!BI68)) -> 31.8 | BE68: =(SUM(E68:BB68)*$D$2) -> 14.1
A69: ALFIE F | B69: RE | C69: SPENCER | D69: RKC | O69: 2 | P69: 8 | Q69: 4 | R69: 4 | T69: 3 | U69: 2 | V69: 2 | Y69: 3 | Z69: 3 | AE69: 5 | AI69: 4 | AJ69: 3 | AL69: 2 | AO69: 4 | AT69: 2 | AX69: 1 | BA69: 1 | BC69: =SUM(E69:BA69) -> 53 | BD69: =(SUM(BE69,'Run distances (Term 2)'!BI69,'Run distances (Term 3)'!BI69,'Run distances (Term 4)'!BI69)) -> 38.4 | BE69: =(SUM(E69:BB69)*$D$2) -> 15.9
A70: TOBY J | B70: RE | C70: SPENCER | D70: RKC | U70: 2 | AI70: 1 | BA70: 3 | BC70: =SUM(E70:BA70) -> 6 | BD70: =(SUM(BE70,'Run distances (Term 2)'!BI70,'Run distances (Term 3)'!BI70,'Run distances (Term 4)'!BI70)) -> 6.9 | BE70: =(SUM(E70:BB70)*$D$2) -> 1.8
A71: INDIE R | B71: RE | C71: SPENCER | D71: RKC | Z71: 1 | AA71: 1 | BC71: =SUM(E71:BA71) -> 2 | BD71: =(SUM(BE71,'Run distances (Term 2)'!BI71,'Run distances (Term 3)'!BI71,'Run distances (Term 4)'!BI71)) -> 0.9 | BE71: =(SUM(E71:BB71)*$D$2) -> 0.6
A72: SAM L | B72: 3 | C72: SPENCER | D72: 3LB | J72: 0 | K72: 4 | L72: 1 | M72: 3 | P72: 2 | W72: 3 | Y72: 5 | AE72: 4 | AI72: 3 | AX72: 4 | AZ72: 4 | BC72: =SUM(E72:BA72) -> 33 | BD72: =(SUM(BE72,'Run distances (Term 2)'!BI72,'Run distances (Term 3)'!BI72,'Run distances (Term 4)'!BI72)) -> 51.6 | BE72: =(SUM(E72:BB72)*$D$2) -> 9.9
A73: PAITEN G | C73: SPENCER | BC73: =SUM(E73:BA73) -> 0 | BD73: =(SUM(BE73,'Run distances (Term 2)'!BI73,'Run distances (Term 3)'!BI73,'Run distances (Term 4)'!BI73)) -> 4.2 | BE73: =(SUM(E73:BB73)*$D$2) -> 0
A74: JETT P | C74: SPENCER | BC74: =SUM(E74:BA74) -> 0 | BD74: =(SUM(BE74,'Run distances (Term 2)'!BI74,'Run distances (Term 3)'!BI74,'Run distances (Term 4)'!BI74)) -> 0.9 | BE74: =(SUM(E74:BB74)*$D$2) -> 0
A75: ISOBEL C | C75: SPENCER | BC75: =SUM(E75:BA75) -> 0 | BD75: =(SUM(BE75,'Run distances (Term 2)'!BI75,'Run distances (Term 3)'!BI75,'Run distances (Term 4)'!BI75)) -> 2.4 | BE75: =(SUM(E75:BB75)*$D$2) -> 0
A76: ANGUS C | C76: SPENCER | BC76: =SUM(E76:BA76) -> 0 | BD76: =(SUM(BE76,'Run distances (Term 2)'!BI76,'Run distances (Term 3)'!BI76,'Run distances (Term 4)'!BI76)) -> 0.3 | BE76: =(SUM(E76:BB76)*$D$2) -> 0
A77: ADDISON | B77: RE | C77: SPENCER | BC77: =SUM(E77:BA77) -> 0 | BD77: =(SUM(BE77,'Run distances (Term 2)'!BI77,'Run distances (Term 3)'!BI77,'Run distances (Term 4)'!BI77)) -> 1.8 | BE77: =(SUM(E77:BB77)*$D$2) -> 0
A78: MRS C | B78: Teacher | C78: SPENCER | J78: 0 | AP78: 6 | AZ78: 8 | BC78: =SUM(E78:BA78) -> 14 | BD78: =(SUM(BE78,'Run distances (Term 2)'!BI78,'Run distances (Term 3)'!BI78,'Run distances (Term 4)'!BI78)) -> 8.4 | BE78: =(SUM(E78:BB78)*$D$2) -> 4.2
A79: LOGAN C | C79: SPENCER | BC79: =SUM(E79:BA79) -> 0 | BD79: =(SUM(BE79,'Run distances (Term 2)'!BI79,'Run distances (Term 3)'!BI79,'Run distances (Term 4)'!BI79)) -> 2.4 | BE79: =(SUM(E79:BB79)*$D$2) -> 0
A80: MR TALBOT | C80: SPENCER | BC80: =SUM(E80:BA80) -> 0 | BD80: =(SUM(BE80,'Run distances (Term 2)'!BI80,'Run distances (Term 3)'!BI80,'Run distances (Term 4)'!BI80)) -> 5.4 | BE80: =(SUM(E80:BB80)*$D$2) -> 0
A81: OLIVIA E | C81: SPENCER | BC81: =SUM(E81:BA81) -> 0 | BD81: =(SUM(BE81,'Run distances (Term 2)'!BI81,'Run distances (Term 3)'!BI81,'Run distances (Term 4)'!BI81)) -> 0.6 | BE81: =(SUM(E81:BB81)*$D$2) -> 0
A82: OLIVIA C | C82: SPENCER | BC82: =SUM(E82:BA82) -> 0 | BD82: =(SUM(BE82,'Run distances (Term 2)'!BI82,'Run distances (Term 3)'!BI82,'Run distances (Term 4)'!BI82)) -> 1.2 | BE82: =(SUM(E82:BB82)*$D$2) -> 0
A83: MEGAN N | C83: SPENCER | BC83: =SUM(E83:BA83) -> 0 | BD83: =(SUM(BE83,'Run distances (Term 2)'!BI83,'Run distances (Term 3)'!BI83,'Run distances (Term 4)'!BI83)) -> 1.8 | BE83: =(SUM(E83:BB83)*$D$2) -> 0
A85: FINN M | B85: 1 | C85: VINCENT | D85: 1/2LC | E85: 0 | F85: 0 | G85: 3 | H85: 1 | AK85: 3 | AL85: 1 | BC85: =SUM(E85:BA85) -> 8 | BD85: =(SUM(BE85,'Run distances (Term 2)'!BI85,'Run distances (Term 3)'!BI85,'Run distances (Term 4)'!BI85)) -> 2.7 | BE85: =(SUM(E85:BB85)*$D$2) -> 2.4
A86: HARLEE M | B86: 1 | C86: VINCENT | D86: 1/2LC | E86: 0 | F86: 0 | G86: 0 | H86: 1 | M86: 2 | T86: 1 | AL86: 1 | BC86: =SUM(E86:BA86) -> 5 | BD86: =(SUM(BE86,'Run distances (Term 2)'!BI86,'Run distances (Term 3)'!BI86,'Run distances (Term 4)'!BI86)) -> 4.5 | BE86: =(SUM(E86:BB86)*$D$2) -> 1.5
A87: ALISON M | B87: 1 | C87: VINCENT | D87: 1/2LC | E87: 0 | F87: 0 | G87: 0 | AL87: 1 | BC87: =SUM(E87:BA87) -> 1 | BD87: =(SUM(BE87,'Run distances (Term 2)'!BI87,'Run distances (Term 3)'!BI87,'Run distances (Term 4)'!BI87)) -> 0.9 | BE87: =(SUM(E87:BB87)*$D$2) -> 0.3
A88: MITCHELL B | B88: 2 | C88: VINCENT | D88: 1/2LC | BC88: =SUM(E88:BA88) -> 0 | BD88: =(SUM(BE88,'Run distances (Term 2)'!BI88,'Run distances (Term 3)'!BI88,'Run distances (Term 4)'!BI88)) -> 0 | BE88: =(SUM(E88:BB88)*$D$2) -> 0
A89: HUGH G | B89: 2 | C89: VINCENT | D89: 1/2LC | E89: 2 | F89: 0 | G89: 2 | H89: 0 | O89: 2 | P89: 1 | Z89: 2 | BC89: =SUM(E89:BA89) -> 9 | BD89: =(SUM(BE89,'Run distances (Term 2)'!BI89,'Run distances (Term 3)'!BI89,'Run distances (Term 4)'!BI89)) -> 5.7 | BE89: =(SUM(E89:BB89)*$D$2) -> 2.7
A90: CHARLIE H | B90: 2 | C90: VINCENT | D90: 1/2LC | L90: 1 | M90: 1 | BC90: =SUM(E90:BA90) -> 2 | BD90: =(SUM(BE90,'Run distances (Term 2)'!BI90,'Run distances (Term 3)'!BI90,'Run distances (Term 4)'!BI90)) -> 3.3 | BE90: =(SUM(E90:BB90)*$D$2) -> 0.6
A91: CLAIRE M | B91: 2 | C91: VINCENT | D91: 1/2LC | E91: 0 | F91: 0 | G91: 0 | H91: 2 | BC91: =SUM(E91:BA91) -> 2 | BD91: =(SUM(BE91,'Run distances (Term 2)'!BI91,'Run distances (Term 3)'!BI91,'Run distances (Term 4)'!BI91)) -> 0.9 | BE91: =(SUM(E91:BB91)*$D$2) -> 0.6
A92: MAGGIE N | B92: 2 | C92: VINCENT | D92: 1/2LC | BC92: =SUM(E92:BA92) -> 0 | BD92: =(SUM(BE92,'Run distances (Term 2)'!BI92,'Run distances (Term 3)'!BI92,'Run distances (Term 4)'!BI92)) -> 0.9 | BE92: =(SUM(E92:BB92)*$D$2) -> 0
A93: ARYAN | B93: 2 | C93: VINCENT | D93: 1/2LC | M93: 4 | P93: 8 | Q93: 3 | R93: 8 | T93: 4 | U93: 3 | Y93: 2 | Z93: 4 | AE93: 4 | AF93: 5 | AJ93: 2 | AL93: 4 | AQ93: 2 | AX93: 3 | BC93: =SUM(E93:BA93) -> 56 | BD93: =(SUM(BE93,'Run distances (Term 2)'!BI93,'Run distances (Term 3)'!BI93,'Run distances (Term 4)'!BI93)) -> 36 | BE93: =(SUM(E93:BB93)*$D$2) -> 16.8
A94: GEORGE B | B94: 10 | C94: VINCENT | D94: 10CF | J94: 7 | K94: 5 | L94: 6 | O94: 5 | P94: 10 | Q94: 10 | T94: 6 | U94: 7 | V94: 6 | BC94: =SUM(E94:BA94) -> 62 | BD94: =(SUM(BE94,'Run distances (Term 2)'!BI94,'Run distances (Term 3)'!BI94,'Run distances (Term 4)'!BI94)) -> 19.2 | BE94: =(SUM(E94:BB94)*$D$2) -> 18.6
A95: HAMISH C | B95: 10 | C95: VINCENT | D95: 10CF | J95: 0 | K95: 5 | BC95: =SUM(E95:BA95) -> 5 | BD95: =(SUM(BE95,'Run distances (Term 2)'!BI95,'Run distances (Term 3)'!BI95,'Run distances (Term 4)'!BI95)) -> 2.4 | BE95: =(SUM(E95:BB95)*$D$2) -> 1.5
A96: ETHAN G | B96: 10 | C96: VINCENT | D96: 10CF | J96: 0 | Z96: 2 | AA96: 2 | AF96: 3 | AG96: 5 | AI96: 4 | AJ96: 4 | AT96: 3 | BC96: =SUM(E96:BA96) -> 23 | BD96: =(SUM(BE96,'Run distances (Term 2)'!BI96,'Run distances (Term 3)'!BI96,'Run distances (Term 4)'!BI96)) -> 7.2 | BE96: =(SUM(E96:BB96)*$D$2) -> 6.9
A97: OSCAR M | B97: 10 | C97: VINCENT | D97: 10CF | J97: 0 | K97: 1 | U97: 2 | Z97: 2 | AA97: 2 | AF97: 2 | AG97: 2 | BC97: =SUM(E97:BA97) -> 11 | BD97: =(SUM(BE97,'Run distances (Term 2)'!BI97,'Run distances (Term 3)'!BI97,'Run distances (Term 4)'!BI97)) -> 3.9 | BE97: =(SUM(E97:BB97)*$D$2) -> 3.3
A98: HUDSON A | B98: 3 | C98: VINCENT | D98: 3LB | E98: 1 | F98: 0 | G98: 0 | H98: 2 | O98: 1 | BC98: =SUM(E98:BA98) -> 4 | BD98: =(SUM(BE98,'Run distances (Term 2)'!BI98,'Run distances (Term 3)'!BI98,'Run distances (Term 4)'!BI98)) -> 9.6 | BE98: =(SUM(E98:BB98)*$D$2) -> 1.2
A99: LILY M | B99: 3 | C99: VINCENT | D99: 3LB | BC99: =SUM(E99:BA99) -> 0 | BD99: =(SUM(BE99,'Run distances (Term 2)'!BI99,'Run distances (Term 3)'!BI99,'Run distances (Term 4)'!BI99)) -> 2.1 | BE99: =(SUM(E99:BB99)*$D$2) -> 0
A100: HUNTER H | B100: 3 | C100: VINCENT | D100: 3LB | E100: 0 | F100: 0 | G100: 0 | H100: 2 | L100: 1 | M100: 3 | O100: 1 | R100: 1 | Z100: 4 | BC100: =SUM(E100:BA100) -> 12 | BD100: =(SUM(BE100,'Run distances (Term 2)'!BI100,'Run distances (Term 3)'!BI100,'Run distances (Term 4)'!BI100)) -> 22.8 | BE100: =(SUM(E100:BB100)*$D$2) -> 3.6
A101: NATE M | B101: 3 | C101: VINCENT | D101: 3LB | E101: 0 | F101: 1 | G101: 3 | H101: 4 | J101: 0 | K101: 1 | L101: 1 | O101: 1 | P101: 4 | Q101: 4 | R101: 9 | BC101: =SUM(E101:BA101) -> 28 | BD101: =(SUM(BE101,'Run distances (Term 2)'!BI101,'Run distances (Term 3)'!BI101,'Run distances (Term 4)'!BI101)) -> 42.6 | BE101: =(SUM(E101:BB101)*$D$2) -> 8.4
...

Sheet Run distances (Term 2)
A1: Rise and Run Club
B2: Distance per lap (km): | D2: 0.3
E3: Week 1 | J3: Week 2 | O3: Week 3 | T3: Week 4 | Y3: Week 5 | AD3: Week 6 | AI3: Week 7 | AN3: Week 8 | AS3: Week 9 | AX3: Week 10 | BC3: Week 11
A4: Student Name | B4: Year | C4: House | D4: Care Group | E4: Tuesday | F4: Wednesday | G4: Thursday | H4: Friday | J4: Tuesday | K4: Wednesday | L4: Thursday | M4: Friday | O4: Tuesday | P4: Wednesday | Q4: Thursday | R4: Friday | T4: Tuesday | U4: Wednesday | V4: Thursday | W4: Friday | Y4: Tuesday | Z4: Wednesday | AA4: Thursday | AB4: Friday | AD4: Tuesday | AE4: Wednesday | AF4: Thursday | AG4: Friday | AI4: Tuesday | AJ4: Wednesday | AK4: Thursday | AL4: Friday | AN4: Tuesday | AO4: Wednesday | AP4: Thursday | AQ4: Friday | AS4: Tuesday | AT4: Wednesday | AU4: Thursday | AV4: Friday | AX4: Tuesday | AY4: Wednesday | AZ4: Thursday | BA4: Friday | BC4: Tuesday | BD4: Wednesday | BE4: Thursday | BF4: Friday | BH4: Total Term Laps | BI4: Total Term Distance (km)
A5: HARPER J | B5: 1 | C5: SPENCER | D5: 1/2LC | F5: 1 | AL5: 2 | BH5: =SUM(E5:BF5) -> 3 | BI5: =(SUM(E5:BG5)*$D$2) -> 0.9
A6: BEN W | B6: 1 | C6: SPENCER | D6: R/1ZG | BH6: =SUM(E6:BF6) -> 0 | BI6: =(SUM(E6:BG6)*$D$2) -> 0
A7: RYLEE M | B7: 1 | C7: SPENCER | D7: R/1ZG | F7: 1 | BH7: =SUM(E7:BF7) -> 1 | BI7: =(SUM(E7:BG7)*$D$2) -> 0.3
A8: PEYTON V | B8: 1 | C8: SPENCER | D8: R/1ZG | F8: 1 | BH8: =SUM(E8:BF8) -> 1 | BI8: =(SUM(E8:BG8)*$D$2) -> 0.3
A9: MAGGIE S | B9: 1 | C9: SPENCER | D9: R/1ZG | F9: 2 | BH9: =SUM(E9:BF9) -> 2 | BI9: =(SUM(E9:BG9)*$D$2) -> 0.6
A10: ROSIE C | B10: 2 | C10: SPENCER | D10: 1/2LC | F10: 2 | M10: 1 | AL10: 1 | BH10: =SUM(E10:BF10) -> 4 | BI10: =(SUM(E10:BG10)*$D$2) -> 1.2
A11: ERIC D | B11: 2 | C11: SPENCER | D11: 1/2LC | K11: 1 | BH11: =SUM(E11:BF11) -> 1 | BI11: =(SUM(E11:BG11)*$D$2) -> 0.3
A12: HARRISON J | B12: 2 | C12: SPENCER | D12: 1/2LC | BH12: =SUM(E12:BF12) -> 0 | BI12: =(SUM(E12:BG12)*$D$2) -> 0
A13: LELAND J | B13: 2 | C13: SPENCER | D13: 1/2LC | AL13: 2 | BH13: =SUM(E13:BF13) -> 2 | BI13: =(SUM(E13:BG13)*$D$2) -> 0.6
A14: BILLY K | B14: 2 | C14: SPENCER | D14: 1/2LC | BH14: =SUM(E14:BF14) -> 0 | BI14: =(SUM(E14:BG14)*$D$2) -> 0
A15: ALEX Y | B15: 2 | C15: SPENCER | D15: 1/2LC | BH15: =SUM(E15:BF15) -> 0 | BI15: =(SUM(E15:BG15)*$D$2) -> 0
A16: CONNOR C | B16: 10 | C16: SPENCER | D16: 10CF | BH16: =SUM(E16:BF16) -> 0 | BI16: =(SUM(E16:BG16)*$D$2) -> 0
A17: HALEIGH S | B17: 10 | C17: SPENCER | D17: 10CF | BH17: =SUM(E17:BF17) -> 0 | BI17: =(SUM(E17:BG17)*$D$2) -> 0
A18: ANAIS G | B18: 10 | C18: SPENCER | D18: 10CF | BH18: =SUM(E18:BF18) -> 0 | BI18: =(SUM(E18:BG18)*$D$2) -> 0
A19: AXYL W | B19: 11 | C19: SPENCER | D19: 11DF | BH19: =SUM(E19:BF19) -> 0 | BI19: =(SUM(E19:BG19)*$D$2) -> 0
A20: DREY W | B20: 11 | C20: SPENCER | D20: 11DF | BH20: =SUM(E20:BF20) -> 0 | BI20: =(SUM(E20:BG20)*$D$2) -> 0
A21: NOAH MC | B21: 11 | C21: SPENCER | D21: 11DF | BH21: =SUM(E21:BF21) -> 0 | BI21: =(SUM(E21:BG21)*$D$2) -> 0
A22: ELIJAH MC | B22: 12 | C22: SPENCER | D22: 12KC | BH22: =SUM(E22:BF22) -> 0 | BI22: =(SUM(E22:BG22)*$D$2) -> 0
A23: WILL C | B23: 3 | C23: SPENCER | D23: 3LB | BH23: =SUM(E23:BF23) -> 0 | BI23: =(SUM(E23:BG23)*$D$2) -> 0
A24: NATE H | B24: 3 | C24: SPENCER | D24: 3LB | BH24: =SUM(E24:BF24) -> 0 | BI24: =(SUM(E24:BG24)*$D$2) -> 0
A25: MAEVE H | B25: 3 | C25: SPENCER | D25: 3LB | F25: 5 | BH25: =SUM(E25:BF25) -> 5 | BI25: =(SUM(E25:BG25)*$D$2) -> 1.5
A26: LEVI J | B26: 3 | C26: SPENCER | D26: 3LB | BH26: =SUM(E26:BF26) -> 0 | BI26: =(SUM(E26:BG26)*$D$2) -> 0
A27: MAX K | B27: 3 | C27: SPENCER | D27: 3LB | M27: 1 | BH27: =SUM(E27:BF27) -> 1 | BI27: =(SUM(E27:BG27)*$D$2) -> 0.3
A28: ALEX S | B28: 3 | C28: SPENCER | D28: 3LB | M28: 6 | BH28: =SUM(E28:BF28) -> 6 | BI28: =(SUM(E28:BG28)*$D$2) -> 1.8
A29: ELSIE D | B29: 5 | C29: SPENCER | D29: 4/5CR | BH29: =SUM(E29:BF29) -> 0 | BI29: =(SUM(E29:BG29)*$D$2) -> 0
A30: AMELIA C | B30: 5 | C30: SPENCER | D30: 4/5CR | BH30: =SUM(E30:BF30) -> 0 | BI30: =(SUM(E30:BG30)*$D$2) -> 0
A31: RYELEY D | B31: 5 | C31: SPENCER | D31: 4/5CR | BH31: =SUM(E31:BF31) -> 0 | BI31: =(SUM(E31:BG31)*$D$2) -> 0
A32: LEO G | B32: 5 | C32: SPENCER | D32: 4/5CR | BH32: =SUM(E32:BF32) -> 0 | BI32: =(SUM(E32:BG32)*$D$2) -> 0
A33: JIMMY H | B33: 5 | C33: SPENCER | D33: 4/5CR | BH33: =SUM(E33:BF33) -> 0 | BI33: =(SUM(E33:BG33)*$D$2) -> 0
A34: OWEN R | B34: 5 | C34: SPENCER | D34: 4/5CR | BH34: =SUM(E34:BF34) -> 0 | BI34: =(SUM(E34:BG34)*$D$2) -> 0
A35: MAGGIE C | B35: 4 | C35: SPENCER | D35: 4JH | BH35: =SUM(E35:BF35) -> 0 | BI35: =(SUM(E35:BG35)*$D$2) -> 0
A36: KYDEN M | B36: 4 | C36: SPENCER | D36: 4JH | BH36: =SUM(E36:BF36) -> 0 | BI36: =(SUM(E36:BG36)*$D$2) -> 0
A37: LIAM R | B37: 4 | C37: SPENCER | D37: 4JH | AL37: 1 | BH37: =SUM(E37:BF37) -> 1 | BI37: =(SUM(E37:BG37)*$D$2) -> 0.3
A38: BAILEY S | B38: 4 | C38: SPENCER | D38: 4JH | F38: 2 | G38: 1 | BH38: =SUM(E38:BF38) -> 3 | BI38: =(SUM(E38:BG38)*$D$2) -> 0.9
A39: ZARA T | B39: 4 | C39: SPENCER | D39: 4JH | F39: 3 | G39: 1 | J39: 2 | BH39: =SUM(E39:BF39) -> 6 | BI39: =(SUM(E39:BG39)*$D$2) -> 1.8
A40: RHETT W | B40: 4 | C40: SPENCER | D40: 4JH | BH40: =SUM(E40:BF40) -> 0 | BI40: =(SUM(E40:BG40)*$D$2) -> 0
A41: BAILLIE B | B41: 6 | C41: SPENCER | D41: MS1 | K41: 6 | M41: 3 | U41: 5 | AJ41: 5 | AL41: 3 | BH41: =SUM(E41:BF41) -> 22 | BI41: =(SUM(E41:BG41)*$D$2) -> 6.6
A42: ISABELLA E | B42: 6 | C42: SPENCER | D42: MS1 | BH42: =SUM(E42:BF42) -> 0 | BI42: =(SUM(E42:BG42)*$D$2) -> 0
A43: LIVIA P | B43: 6 | C43: SPENCER | D43: MS1 | F43: 2 | BH43: =SUM(E43:BF43) -> 2 | BI43: =(SUM(E43:BG43)*$D$2) -> 0.6
A44: WILLOW S | B44: 6 | C44: SPENCER | D44: MS1 | G44: 2 | K44: 6 | M44: 7 | Q44: 4 | BH44: =SUM(E44:BF44) -> 19 | BI44: =(SUM(E44:BG44)*$D$2) -> 5.7
A45: LOUIS B | B45: 6 | C45: SPENCER | D45: MS2 | F45: 6 | G45: 2 | K45: 3 | M45: 4 | BH45: =SUM(E45:BF45) -> 15 | BI45: =(SUM(E45:BG45)*$D$2) -> 4.5
A46: OLIVER C | B46: 6 | C46: SPENCER | D46: MS2 | BH46: =SUM(E46:BF46) -> 0 | BI46: =(SUM(E46:BG46)*$D$2) -> 0
A47: LARA C | B47: 6 | C47: SPENCER | D47: MS2 | BH47: =SUM(E47:BF47) -> 0 | BI47: =(SUM(E47:BG47)*$D$2) -> 0
A48: HENLEY D | B48: 7 | C48: SPENCER | D48: MS2 | BH48: =SUM(E48:BF48) -> 0 | BI48: =(SUM(E48:BG48)*$D$2) -> 0
A49: ALEXIS L | B49: 7 | C49: SPENCER | D49: MS2 | AG49: 2 | BH49: =SUM(E49:BF49) -> 2 | BI49: =(SUM(E49:BG49)*$D$2) -> 0.6
A50: EVIE T | B50: 7 | C50: SPENCER | D50: MS2 | BH50: =SUM(E50:BF50) -> 0 | BI50: =(SUM(E50:BG50)*$D$2) -> 0
A51: DYLAN T | B51: 7 | C51: SPENCER | D51: MS2 | F51: 2 | BH51: =SUM(E51:BF51) -> 2 | BI51: =(SUM(E51:BG51)*$D$2) -> 0.6
A52: KHWAHISH D | B52: 8 | C52: SPENCER | D52: MS3 | BH52: =SUM(E52:BF52) -> 0 | BI52: =(SUM(E52:BG52)*$D$2) -> 0
A53: STAN T | B53: 8 | C53: SPENCER | D53: MS3 | BH53: =SUM(E53:BF53) -> 0 | BI53: =(SUM(E53:BG53)*$D$2) -> 0
A54: HARRY D | B54: 8 | C54: SPENCER | D54: MS3 | BH54: =SUM(E54:BF54) -> 0 | BI54: =(SUM(E54:BG54)*$D$2) -> 0
A55: XANDER L | B55: 9 | C55: SPENCER | D55: MS4 | E55: 6 | F55: 15 | G55: 6 | J55: 7 | K55: 10 | L55: 7 | M55: 8 | P55: 5 | Q55: 5 | U55: 7 | V55: 5 | W55: 6 | AF55: 6 | AG55: 4 | AJ55: 7 | AK55: 5 | AL55: 6 | AN55: 5 | AP55: 3 | BH55: =SUM(E55:BF55) -> 123 | BI55: =(SUM(E55:BG55)*$D$2) -> 36.9
A56: LIAM P | B56: 9 | C56: SPENCER | D56: MS4 | E56: 8 | F56: 4 | G56: 8 | J56: 5 | L56: 8 | P56: 6 | Q56: 6 | U56: 7 | V56: 4 | W56: 6 | AF56: 6 | AG56: 2 | AJ56: 7 | AK56: 4 | AL56: 6 | BH56: =SUM(E56:BF56) -> 87 | BI56: =(SUM(E56:BG56)*$D$2) -> 26.1
A57: JORJA B | B57: 8 | C57: SPENCER | D57: MS5 | M57: 7 | V57: 1 | W57: 1 | AK57: 1 | AL57: 1 | AP57: 4 | BH57: =SUM(E57:BF57) -> 15 | BI57: =(SUM(E57:BG57)*$D$2) -> 4.5
A58: GEORGINA B | B58: 8 | C58: SPENCER | D58: MS5 | M58: 4 | AL58: 4 | BH58: =SUM(E58:BF58) -> 8 | BI58: =(SUM(E58:BG58)*$D$2) -> 2.4
A59: FINN G | B59: 8 | C59: SPENCER | D59: MS5 | BH59: =SUM(E59:BF59) -> 0 | BI59: =(SUM(E59:BG59)*$D$2) -> 0
A60: SAXON W | B60: 8 | C60: SPENCER | D60: MS5 | BH60: =SUM(E60:BF60) -> 0 | BI60: =(SUM(E60:BG60)*$D$2) -> 0
A61: DESTINY C | B61: 8 | C61: SPENCER | D61: MS5 | BH61: =SUM(E61:BF61) -> 0 | BI61: =(SUM(E61:BG61)*$D$2) -> 0
A62: EVALYN M | B62: 9 | C62: SPENCER | D62: MS5 | AK62: 3 | BH62: =SUM(E62:BF62) -> 3 | BI62: =(SUM(E62:BG62)*$D$2) -> 0.9
A63: CHARLIE P | B63: 9 | C63: SPENCER | D63: MS5 | BH63: =SUM(E63:BF63) -> 0 | BI63: =(SUM(E63:BG63)*$D$2) -> 0
A64: ELLIE P | B64: 9 | C64: SPENCER | D64: MS5 | E64: 1 | BH64: =SUM(E64:BF64) -> 1 | BI64: =(SUM(E64:BG64)*$D$2) -> 0.3
A65: NOAH H | B65: 1 | C65: SPENCER | D65: R/1 | BH65: =SUM(E65:BF65) -> 0 | BI65: =(SUM(E65:BG65)*$D$2) -> 0
A66: GABRIEL M | B66: 1 | C66: SPENCER | D66: R/1 | BH66: =SUM(E66:BF66) -> 0 | BI66: =(SUM(E66:BG66)*$D$2) -> 0
A67: ARCHER Y | B67: 1 | C67: SPENCER | BH67: =SUM(E67:BF67) -> 0 | BI67: =(SUM(E67:BG67)*$D$2) -> 0
A68: OLLIE C | B68: RE | C68: SPENCER | D68: RKC | F68: 4 | L68: 3 | U68: 4 | V68: 1 | AJ68: 4 | AK68: 1 | AN68: 3 | BH68: =SUM(E68:BF68) -> 20 | BI68: =(SUM(E68:BG68)*$D$2) -> 6
A69: ALFIE F | B69: RE | C69: SPENCER | D69: RKC | F69: 7 | J69: 3 | P69: 3 | U69: 2 | AJ69: 2 | AL69: 4 | BH69: =SUM(E69:BF69) -> 21 | BI69: =(SUM(E69:BG69)*$D$2) -> 6.3
A70: TOBY J | B70: RE | C70: SPENCER | D70: RKC | F70: 3 | AL70: 2 | BH70: =SUM(E70:BF70) -> 5 | BI70: =(SUM(E70:BG70)*$D$2) -> 1.5
A71: INDIE R | B71: RE | C71: SPENCER | D71: RKC | BH71: =SUM(E71:BF71) -> 0 | BI71: =(SUM(E71:BG71)*$D$2) -> 0
A72: SAM L | B72: 3 | C72: SPENCER | D72: 3LB | E72: 3 | F72: 5 | M72: 2 | BH72: =SUM(E72:BF72) -> 10 | BI72: =(SUM(E72:BG72)*$D$2) -> 3
A73: PAITEN G | C73: SPENCER | BH73: =SUM(E73:BF73) -> 0 | BI73: =(SUM(E73:BG73)*$D$2) -> 0
A74: JETT P | C74: SPENCER | BH74: =SUM(E74:BF74) -> 0 | BI74: =(SUM(E74:BG74)*$D$2) -> 0
A75: ISOBEL C | C75: SPENCER | BH75: =SUM(E75:BF75) -> 0 | BI75: =(SUM(E75:BG75)*$D$2) -> 0
A76: ANGUS C | C76: SPENCER | BH76: =SUM(E76:BF76) -> 0 | BI76: =(SUM(E76:BG76)*$D$2) -> 0
A77: ADDISON | C77: SPENCER | BH77: =SUM(E77:BF77) -> 0 | BI77: =(SUM(E77:BG77)*$D$2) -> 0
A78: MRS C | B78: Teacher | C78: SPENCER | AP78: 10 | BH78: =SUM(E78:BF78) -> 10 | BI78: =(SUM(E78:BG78)*$D$2) -> 3
A79: LOGAN C | C79: SPENCER | BH79: =SUM(E79:BF79) -> 0 | BI79: =(SUM(E79:BG79)*$D$2) -> 0
A80: MR TALBOT | C80: SPENCER | BH80: =SUM(E80:BF80) -> 0 | BI80: =(SUM(E80:BG80)*$D$2) -> 0
A81: OLIVIA E | C81: SPENCER | BH81: =SUM(E81:BF81) -> 0 | BI81: =(SUM(E81:BG81)*$D$2) -> 0
A82: OLIVIA C | C82: SPENCER | BH82: =SUM(E82:BF82) -> 0 | BI82: =(SUM(E82:BG82)*$D$2) -> 0
A83: MEGAN N | C83: SPENCER | BH83: =SUM(E83:BF83) -> 0 | BI83: =(SUM(E83:BG83)*$D$2) -> 0
A85: FINN M | B85: 1 | C85: VINCENT | D85: 1/2LC | BH85: =SUM(E85:BF85) -> 0 | BI85: =(SUM(E85:BG85)*$D$2) -> 0
A86: HARLEE M | B86: 1 | C86: VINCENT | D86: 1/2LC | F86: 3 | BH86: =SUM(E86:BF86) -> 3 | BI86: =(SUM(E86:BG86)*$D$2) -> 0.9
A87: ALISON M | B87: 1 | C87: VINCENT | D87: 1/2LC | BH87: =SUM(E87:BF87) -> 0 | BI87: =(SUM(E87:BG87)*$D$2) -> 0
A88: MITCHELL B | B88: 2 | C88: VINCENT | D88: 1/2LC | BH88: =SUM(E88:BF88) -> 0 | BI88: =(SUM(E88:BG88)*$D$2) -> 0
A89: HUGH G | B89: 2 | C89: VINCENT | D89: 1/2LC | BH89: =SUM(E89:BF89) -> 0 | BI89: =(SUM(E89:BG89)*$D$2) -> 0
A90: CHARLIE H | B90: 2 | C90: VINCENT | D90: 1/2LC | AL90: 2 | BH90: =SUM(E90:BF90) -> 2 | BI90: =(SUM(E90:BG90)*$D$2) -> 0.6
A91: CLAIRE M | B91: 2 | C91: VINCENT | D91: 1/2LC | AL91: 1 | BH91: =SUM(E91:BF91) -> 1 | BI91: =(SUM(E91:BG91)*$D$2) -> 0.3
A92: MAGGIE N | B92: 2 | C92: VINCENT | D92: 1/2LC | F92: 1 | BH92: =SUM(E92:BF92) -> 1 | BI92: =(SUM(E92:BG92)*$D$2) -> 0.3
A93: ARYAN | B93: 2 | C93: VINCENT | D93: 1/2LC | E93: 4 | U93: 4 | V93: 2 | W93: 3 | AJ93: 4 | AK93: 2 | AL93: 3 | AN93: 3 | AP93: 4 | BH93: =SUM(E93:BF93) -> 29 | BI93: =(SUM(E93:BG93)*$D$2) -> 8.7
A94: GEORGE B | B94: 10 | C94: VINCENT | D94: 10CF | BH94: =SUM(E94:BF94) -> 0 | BI94: =(SUM(E94:BG94)*$D$2) -> 0
A95: HAMISH C | B95: 10 | C95: VINCENT | D95: 10CF | BH95: =SUM(E95:BF95) -> 0 | BI95: =(SUM(E95:BG95)*$D$2) -> 0
A96: ETHAN G | B96: 10 | C96: VINCENT | D96: 10CF | BH96: =SUM(E96:BF96) -> 0 | BI96: =(SUM(E96:BG96)*$D$2) -> 0
A97: OSCAR M | B97: 10 | C97: VINCENT | D97: 10CF | BH97: =SUM(E97:BF97) -> 0 | BI97: =(SUM(E97:BG97)*$D$2) -> 0
A98: HUDSON A | B98: 3 | C98: VINCENT | D98: 3LB | F98: 1 | BH98: =SUM(E98:BF98) -> 1 | BI98: =(SUM(E98:BG98)*$D$2) -> 0.3
A99: LILY M | B99: 3 | C99: VINCENT | D99: 3LB | F99: 2 | BH99: =SUM(E99:BF99) -> 2 | BI99: =(SUM(E99:BG99)*$D$2) -> 0.6
A100: HUNTER H | B100: 3 | C100: VINCENT | D100: 3LB | BH100: =SUM(E100:BF100) -> 0 | BI100: =(SUM(E100:BG100)*$D$2) -> 0
A101: NATE M | B101: 3 | C101: VINCENT | D101: 3LB | M101: 1 | BH101: =SUM(E101:BF101) -> 1 | BI101: =(SUM(E101:BG101)*$D$2) -> 0.3
...

Sheet Run distances (Term 3)
A1: Rise and Run Club
B2: Distance per lap (km): | D2: 0.3
E3: Week 1 | J3: Week 2 | O3: Week 3 | T3: Week 4 | Y3: Week 5 | AD3: Week 6 | AI3: Week 7 | AN3: Week 8 | AS3: Week 9 | AX3: Week 10 | BC3: Week 11
A4: Student Name | B4: Year | C4: House | D4: Care Group | E4: Tuesday | F4: Wednesday | G4: Thursday | H4: Friday | J4: Tuesday | K4: Wednesday | L4: Thursday | M4: Friday | O4: Tuesday | P4: Wednesday | Q4: Thursday | R4: Friday | T4: Tuesday | U4: Wednesday | V4: Thursday | W4: Friday | Y4: Tuesday | Z4: Wednesday | AA4: Thursday | AB4: Friday | AD4: Tuesday | AE4: Wednesday | AF4: Thursday | AG4: Friday | AI4: Tuesday | AJ4: Wednesday | AK4: Thursday | AL4: Friday | AN4: Tuesday | AO4: Wednesday | AP4: Thursday | AQ4: Friday | AS4: Tuesday | AT4: Wednesday | AU4: Thursday | AV4: Friday | AX4: Tuesday | AY4: Wednesday | AZ4: Thursday | BA4: Friday | BC4: Tuesday | BD4: Wednesday | BE4: Thursday | BF4: Friday | BH4: Total Term Laps | BI4: Total Term Distance (km)
A5: HARPER J | B5: 1 | C5: SPENCER | D5: 1/2LC | BH5: =SUM(E5:BF5) -> 0 | BI5: =(SUM(E5:BG5)*$D$2) -> 0
A6: ROSIE C | B6: 2 | C6: SPENCER | D6: 1/2LC | BH6: =SUM(E6:BF6) -> 0 | BI6: =(SUM(E6:BG6)*$D$2) -> 0
A7: ERIC D | B7: 2 | C7: SPENCER | D7: 1/2LC | BH7: =SUM(E7:BF7) -> 0 | BI7: =(SUM(E7:BG7)*$D$2) -> 0
A8: HARRISON J | B8: 2 | C8: SPENCER | D8: 1/2LC | BH8: =SUM(E8:BF8) -> 0 | BI8: =(SUM(E8:BG8)*$D$2) -> 0
A9: LELAND J | B9: 2 | C9: SPENCER | D9: 1/2LC | BH9: =SUM(E9:BF9) -> 0 | BI9: =(SUM(E9:BG9)*$D$2) -> 0
A10: BILLY K | B10: 2 | C10: SPENCER | D10: 1/2LC | BH10: =SUM(E10:BF10) -> 0 | BI10: =(SUM(E10:BG10)*$D$2) -> 0
A11: ALEX Y | B11: 2 | C11: SPENCER | D11: 1/2LC | BH11: =SUM(E11:BF11) -> 0 | BI11: =(SUM(E11:BG11)*$D$2) -> 0
A12: CONNOR C | B12: 10 | C12: SPENCER | D12: 10CF | BH12: =SUM(E12:BF12) -> 0 | BI12: =(SUM(E12:BG12)*$D$2) -> 0
A13: Haleigh S | B13: 10 | C13: SPENCER | D13: 10CF | BH13: =SUM(E13:BF13) -> 0 | BI13: =(SUM(E13:BG13)*$D$2) -> 0
A14: ANAIS G | B14: 10 | C14: SPENCER | D14: 10CF | BH14: =SUM(E14:BF14) -> 0 | BI14: =(SUM(E14:BG14)*$D$2) -> 0
A15: AXYL W | B15: 11 | C15: SPENCER | D15: 11DF | BH15: =SUM(E15:BF15) -> 0 | BI15: =(SUM(E15:BG15)*$D$2) -> 0
A16: DREY W | B16: 11 | C16: SPENCER | D16: 11DF | BH16: =SUM(E16:BF16) -> 0 | BI16: =(SUM(E16:BG16)*$D$2) -> 0
... A59: GABRIEL M | B59: 1 | C59: SPENCER | D59: R/1 | BH59: =SUM(E59:BF59) -> 0 | BI59: =(SUM(E59:BG59)*$D$2) -> 0
A60: OLLIE C | B60: RE | C60: SPENCER | D60: RKC | BH60: =SUM(E60:BF60) -> 0 | BI60: =(SUM(E60:BG60)*$D$2) -> 0
A61: Alfie F | B61: RE | C61: SPENCER | D61: RKC | BH61: =SUM(E61:BF61) -> 0 | BI61: =(SUM(E61:BG61)*$D$2) -> 0
A62: Toby J | B62: RE | C62: SPENCER | D62: RKC | BH62: =SUM(E62:BF62) -> 0 | BI62: =(SUM(E62:BG62)*$D$2) -> 0
A63: Indie R | B63: RE | C63: SPENCER | D63: RKC | BH63: =SUM(E63:BF63) -> 0 | BI63: =(SUM(E63:BG63)*$D$2) -> 0
A64: SAM L | B64: 3 | C64: SPENCER | D64: 3LB | BH64: =SUM(E64:BF64) -> 0 | BI64: =(SUM(E64:BG64)*$D$2) -> 0
A65: Mrs C | B65: Teacher | C65: SPENCER | BH65: =SUM(E65:BF65) -> 0 | BI65: =(SUM(E65:BG65)*$D$2) -> 0
BH66: =SUM(E66:BF66) -> 0 | BI66: =(SUM(E66:BG66)*$D$2) -> 0
A67: FINN M | B67: 1 | C67: VINCENT | D67: 1/2LC | BH67: =SUM(E67:BF67) -> 0 | BI67: =(SUM(E67:BG67)*$D$2) -> 0
A68: HARLEE M | B68: 1 | C68: VINCENT | D68: 1/2LC | BH68: =SUM(E68:BF68) -> 0 | BI68: =(SUM(E68:BG68)*$D$2) -> 0
A69: Alison M | B69: 1 | C69: VINCENT | D69: 1/2LC | BH69: =SUM(E69:BF69) -> 0 | BI69: =(SUM(E69:BG69)*$D$2) -> 0
A70: MITCHELL B | B70: 2 | C70: VINCENT | D70: 1/2LC | BH70: =SUM(E70:BF70) -> 0 | BI70: =(SUM(E70:BG70)*$D$2) -> 0
A71: HUGH G | B71: 2 | C71: VINCENT | D71: 1/2LC | BH71: =SUM(E71:BF71) -> 0 | BI71: =(SUM(E71:BG71)*$D$2) -> 0
A72: CHARLIE H | B72: 2 | C72: VINCENT | D72: 1/2LC | BH72: =SUM(E72:BF72) -> 0 | BI72: =(SUM(E72:BG72)*$D$2) -> 0
A73: CLAIRE M | B73: 2 | C73: VINCENT | D73: 1/2LC | BH73: =SUM(E73:BF73) -> 0 | BI73: =(SUM(E73:BG73)*$D$2) -> 0
A74: MAGGIE N | B74: 2 | C74: VINCENT | D74: 1/2LC | BH74: =SUM(E74:BF74) -> 0 | BI74: =(SUM(E74:BG74)*$D$2) -> 0
A75: ARYAN | B75: 2 | C75: VINCENT | D75: 1/2LC | BH75: =SUM(E75:BF75) -> 0 | BI75: =(SUM(E75:BG75)*$D$2) -> 0
A76: GEORGE B | B76: 10 | C76: VINCENT | D76: 10CF | BH76: =SUM(E76:BF76) -> 0 | BI76: =(SUM(E76:BG76)*$D$2) -> 0
A77: HAMISH C | B77: 10 | C77: VINCENT | D77: 10CF | BH77: =SUM(E77:BF77) -> 0 | BI77: =(SUM(E77:BG77)*$D$2) -> 0
A78: Ethan G | B78: 10 | C78: VINCENT | D78: 10CF | BH78: =SUM(E78:BF78) -> 0 | BI78: =(SUM(E78:BG78)*$D$2) -> 0
... A117: TYLER L | B117: 1 | C117: VINCENT | D117: R/1 | BH117: =SUM(E117:BF117) -> 0 | BI117: =(SUM(E117:BG117)*$D$2) -> 0
A118: ADELINE H | B118: RE | C118: VINCENT | D118: RKC | BH118: =SUM(E118:BF118) -> 0 | BI118: =(SUM(E118:BG118)*$D$2) -> 0
A119: Tai S | B119: RE | C119: VINCENT | D119: RKC | BH119: =SUM(E119:BF119) -> 0 | BI119: =(SUM(E119:BG119)*$D$2) -> 0
A120: Summer H | B120: RE | C120: VINCENT | D120: RKC | BH120: =SUM(E120:BF120) -> 0 | BI120: =(SUM(E120:BG120)*$D$2) -> 0
BH121: =SUM(E121:BF121) -> 0 | BI121: =(SUM(E121:BG121)*$D$2) -> 0
A122: BONNIE C | B122: 2 | C122: YORKE | D122: 1/2LC | BH122: =SUM(E122:BF122) -> 0 | BI122: =(SUM(E122:BG122)*$D$2) -> 0
A123: Adeline C | B123: 2 | C123: YORKE | D123: 1/2LC | BH123: =SUM(E123:BF123) -> 0 | BI123: =(SUM(E123:BG123)*$D$2) -> 0
A124: BRYCE C | B124: 2 | C124: YORKE | D124: 1/2LC | BH124: =SUM(E124:BF124) -> 0 | BI124: =(SUM(E124:BG124)*$D$2) -> 0
A125: HURLEY C | B125: 2 | C125: YORKE | D125: 1/2LC | BH125: =SUM(E125:BF125) -> 0 | BI125: =(SUM(E125:BG125)*$D$2) -> 0
A126: CHARLIE H | B126: 2 | C126: YORKE | D126: 1/2LC | BH126: =SUM(E126:BF126) -> 0 | BI126: =(SUM(E126:BG126)*$D$2) -> 0
A127: MADDIE L | B127: 2 | C127: YORKE | D127: 1/2LC | BH127: =SUM(E127:BF127) -> 0 | BI127: =(SUM(E127:BG127)*$D$2) -> 0
A128: LEVI D | B128: 10 | C128: YORKE | D128: 10CF | BH128: =SUM(E128:BF128) -> 0 | BI128: =(SUM(E128:BG128)*$D$2) -> 0
A129: Axel C | B129: 10 | C129: YORKE | D129: 10CF | BH129: =SUM(E129:BF129) -> 0 | BI129: =(SUM(E129:BG129)*$D$2) -> 0
A130: OSCAR B | B130: 3 | C130: YORKE | D130: 3LB | BH130: =SUM(E130:BF130) -> 0 | BI130: =(SUM(E130:BG130)*$D$2) -> 0
A131: Alfie C | B131: 3 | C131: YORKE | D131: 3LB | BH131: =SUM(E131:BF131) -> 0 | BI131: =(SUM(E131:BG131)*$D$2) -> 0
A132: PENELOPE K | B132: 3 | C132: YORKE | D132: 3LB | BH132: =SUM(E132:BF132) -> 0 | BI132: =(SUM(E132:BG132)*$D$2) -> 0
A133: MADDI W | B133: 3 | C133: YORKE | D133: 3LB | BH133: =SUM(E133:BF133) -> 0 | BI133: =(SUM(E133:BG133)*$D$2) -> 0
... A166: Henry Y | B166: 1 | C166: YORKE | D166: R/1 | BH166: =SUM(E166:BF166) -> 0 | BI166: =(SUM(E166:BG166)*$D$2) -> 0
A167: MAX B | B167: RE | C167: YORKE | D167: R/1 | BH167: =SUM(E167:BF167) -> 0 | BI167: =(SUM(E167:BG167)*$D$2) -> 0
A168: HARVEY G | B168: RE | C168: YORKE | D168: R/1 | BH168: =SUM(E168:BF168) -> 0 | BI168: =(SUM(E168:BG168)*$D$2) -> 0
A169: GRACE B | B169: RE | C169: YORKE | D169: RKC | BH169: =SUM(E169:BF169) -> 0 | BI169: =(SUM(E169:BG169)*$D$2) -> 0
A170: Emilee B | B170: RE | C170: YORKE | D170: RKC | BH170: =SUM(E170:BF170) -> 0 | BI170: =(SUM(E170:BG170)*$D$2) -> 0
A171: Freddie C | B171: RE | C171: YORKE | D171: RKC | BH171: =SUM(E171:BF171) -> 0 | BI171: =(SUM(E171:BG171)*$D$2) -> 0
A172: Archie C | B172: 7 | C172: YORKE | BH172: =SUM(E172:BF172) -> 0 | BI172: =(SUM(E172:BG172)*$D$2) -> 0
A173: Will C | B173: 7 | C173: YORKE | BH173: =SUM(E173:BF173) -> 0 | BI173: =(SUM(E173:BG173)*$D$2) -> 0
A174: Xavier K | B174: 7 | C174: YORKE | BH174: =SUM(E174:BF174) -> 0 | BI174: =(SUM(E174:BG174)*$D$2) -> 0
A175: Zoe B | B175: 7 | C175: YORKE | BH175: =SUM(E175:BF175) -> 0 | BI175: =(SUM(E175:BG175)*$D$2) -> 0
A176: Charlie B | B176: 8 | C176: YORKE | BH176: =SUM(E176:BF176) -> 0 | BI176: =(SUM(E176:BG176)*$D$2) -> 0
A177: Rick Cook | B177: 8 | C177: YORKE | BH177: =SUM(E177:BF177) -> 0 | BI177: =(SUM(E177:BG177)*$D$2) -> 0

Sheet Run distances (Term 4)
A1: Rise and Run Club
B2: Distance per lap (km): | D2: 0.3
E3: Week 1 | J3: Week 2 | O3: Week 3 | T3: Week 4 | Y3: Week 5 | AD3: Week 6 | AI3: Week 7 | AN3: Week 8 | AS3: Week 9 | AX3: Week 10 | BC3: Week 11
A4: Student Name | B4: Year | C4: House | D4: Care Group | E4: Tuesday | F4: Wednesday | G4: Thursday | H4: Friday | J4: Tuesday | K4: Wednesday | L4: Thursday | M4: Friday | O4: Tuesday | P4: Wednesday | Q4: Thursday | R4: Friday | T4: Tuesday | U4: Wednesday | V4: Thursday | W4: Friday | Y4: Tuesday | Z4: Wednesday | AA4: Thursday | AB4: Friday | AD4: Tuesday | AE4: Wednesday | AF4: Thursday | AG4: Friday | AI4: Tuesday | AJ4: Wednesday | AK4: Thursday | AL4: Friday | AN4: Tuesday | AO4: Wednesday | AP4: Thursday | AQ4: Friday | AS4: Tuesday | AT4: Wednesday | AU4: Thursday | AV4: Friday | AX4: Tuesday | AY4: Wednesday | AZ4: Thursday | BA4: Friday | BC4: Tuesday | BD4: Wednesday | BE4: Thursday | BF4: Friday | BH4: Total Term Laps | BI4: Total Term Distance (km)
A5: HARPER J | B5: 1 | C5: SPENCER | D5: 1/2LC | R5: 3 | AG5: 1 | BH5: =SUM(E5:BF5) -> 4 | BI5: =(SUM(E5:BG5)*$D$2) -> 1.2
A6: BEN W | B6: 1 | C6: SPENCER | D6: 1/2LC | G6: 1 | W6: 2 | BH6: =SUM(E6:BF6) -> 3 | BI6: =(SUM(E6:BG6)*$D$2) -> 0.9
A7: RYLEE M | B7: 1 | C7: SPENCER | D7: R/1 | R7: 1 | BH7: =SUM(E7:BF7) -> 1 | BI7: =(SUM(E7:BG7)*$D$2) -> 0.3
A8: PEYTON V | B8: 1 | C8: SPENCER | D8: R/1 | AG8: 2 | BH8: =SUM(E8:BF8) -> 2 | BI8: =(SUM(E8:BG8)*$D$2) -> 0.6
A9: MAGGIE S | B9: 1 | C9: SPENCER | D9: R/1 | G9: 1 | H9: 2 | O9: 3 | Q9: 3 | R9: 4 | U9: 2 | W9: 5 | Y9: 4 | Z9: 3 | AA9: 3 | AD9: 3 | AF9: 2 | AG9: 2 | AJ9: 2 | BH9: =SUM(E9:BF9) -> 39 | BI9: =(SUM(E9:BG9)*$D$2) -> 11.7
A10: ROSIE C | B10: 2 | C10: SPENCER | D10: 1/2LC | R10: 1 | W10: 3 | AB10: 3 | AG10: 2 | BH10: =SUM(E10:BF10) -> 9 | BI10: =(SUM(E10:BG10)*$D$2) -> 2.7
A11: ERIC D | B11: 2 | C11: SPENCER | D11: 1/2LC | BH11: =SUM(E11:BF11) -> 0 | BI11: =(SUM(E11:BG11)*$D$2) -> 0
A12: HARRISON J | B12: 2 | C12: SPENCER | D12: 1/2LC | P12: 5 | Q12: 4 | R12: 8 | BH12: =SUM(E12:BF12) -> 17 | BI12: =(SUM(E12:BG12)*$D$2) -> 5.1
A13: LELAND J | B13: 2 | C13: SPENCER | D13: 1/2LC | BH13: =SUM(E13:BF13) -> 0 | BI13: =(SUM(E13:BG13)*$D$2) -> 0
A14: BILLY K | B14: 2 | C14: SPENCER | D14: 1/2LC | BH14: =SUM(E14:BF14) -> 0 | BI14: =(SUM(E14:BG14)*$D$2) -> 0
A15: ALEX Y | B15: 2 | C15: SPENCER | D15: 1/2LC | BH15: =SUM(E15:BF15) -> 0 | BI15: =(SUM(E15:BG15)*$D$2) -> 0
A16: CONNOR C | B16: 10 | C16: SPENCER | D16: 10CF | R16: 4 | AD16: 6 | BH16: =SUM(E16:BF16) -> 10 | BI16: =(SUM(E16:BG16)*$D$2) -> 3
A17: HALEIGH S | B17: 10 | C17: SPENCER | D17: 10CF | BH17: =SUM(E17:BF17) -> 0 | BI17: =(SUM(E17:BG17)*$D$2) -> 0
A18: ANAIS G | B18: 10 | C18: SPENCER | D18: 10CF | L18: 1 | R18: 3 | W18: 2 | AB18: 1 | BH18: =SUM(E18:BF18) -> 7 | BI18: =(SUM(E18:BG18)*$D$2) -> 2.1
A19: AXYL W | B19: 11 | C19: SPENCER | D19: 11DF | BH19: =SUM(E19:BF19) -> 0 | BI19: =(SUM(E19:BG19)*$D$2) -> 0
A20: DREY W | B20: 11 | C20: SPENCER | D20: 11DF | BH20: =SUM(E20:BF20) -> 0 | BI20: =(SUM(E20:BG20)*$D$2) -> 0
A21: NOAH MC | B21: 11 | C21: SPENCER | D21: 11DF | BH21: =SUM(E21:BF21) -> 0 | BI21: =(SUM(E21:BG21)*$D$2) -> 0
A22: ELIJAH MC | B22: 12 | C22: SPENCER | D22: 12KC | BH22: =SUM(E22:BF22) -> 0 | BI22: =(SUM(E22:BG22)*$D$2) -> 0
A23: WILL C | B23: 3 | C23: SPENCER | D23: 3LB | R23: 8 | W23: 5 | Y23: 4 | AB23: 6 | AD23: 4 | AG23: 3 | BH23: =SUM(E23:BF23) -> 30 | BI23: =(SUM(E23:BG23)*$D$2) -> 9
A24: NATE H | B24: 3 | C24: SPENCER | D24: 3LB | G24: 3 | R24: 8 | W24: 4 | Y24: 1 | Z24: 2 | AJ24: 3 | BH24: =SUM(E24:BF24) -> 21 | BI24: =(SUM(E24:BG24)*$D$2) -> 6.3
A25: MAEVE H | B25: 3 | C25: SPENCER | D25: 3LB | F25: 3 | G25: 3 | H25: 4 | L25: 3 | M25: 4 | O25: 2 | P25: 3 | Q25: 2 | R25: 7 | U25: 4 | W25: 7 | Y25: 4 | Z25: 4 | AB25: 6 | AD25: 4 | AF25: 3 | AG25: 5 | BH25: =SUM(E25:BF25) -> 68 | BI25: =(SUM(E25:BG25)*$D$2) -> 20.4
A26: LEVI J | B26: 3 | C26: SPENCER | D26: 3LB | F26: 2 | L26: 2 | P26: 2 | R26: 7 | W26: 6 | BH26: =SUM(E26:BF26) -> 19 | BI26: =(SUM(E26:BG26)*$D$2) -> 5.7
A27: MAX K | B27: 3 | C27: SPENCER | D27: 3LB | E27: 3 | F27: 1 | G27: 3 | H27: 7 | L27: 6 | M27: 5 | O27: 4 | U27: 2 | W27: 6 | Y27: 5 | Z27: 8 | AD27: 5 | AF27: 6 | AG27: 5 | AI27: 6 | AJ27: 5 | BH27: =SUM(E27:BF27) -> 77 | BI27: =(SUM(E27:BG27)*$D$2) -> 23.1
A28: ALEX S | B28: 3 | C28: SPENCER | D28: 3LB | F28: 4 | G28: 6 | H28: 5 | O28: 3 | P28: 6 | Q28: 3 | R28: 8 | U28: 4 | W28: 9 | Z28: 3 | AB28: 6 | AD28: 3 | AF28: 4 | AG28: 10 | AI28: 4 | AJ28: 3 | BH28: =SUM(E28:BF28) -> 81 | BI28: =(SUM(E28:BG28)*$D$2) -> 24.3
A29: ELSIE D | B29: 5 | C29: SPENCER | D29: 4/5CR | R29: 3 | BH29: =SUM(E29:BF29) -> 3 | BI29: =(SUM(E29:BG29)*$D$2) -> 0.9
A30: AMELIA C | B30: 5 | C30: SPENCER | D30: 4/5CR | G30: 1 | M30: 3 | P30: 1 | R30: 3 | W30: 3 | AB30: 2 | BH30: =SUM(E30:BF30) -> 13 | BI30: =(SUM(E30:BG30)*$D$2) -> 3.9
A31: RYELEY D | B31: 5 | C31: SPENCER | D31: 4/5CR | L31: 6 | M31: 5 | R31: 6 | W31: 7 | AB31: 7 | AG31: 7 | BH31: =SUM(E31:BF31) -> 38 | BI31: =(SUM(E31:BG31)*$D$2) -> 11.4
A32: LEO G | B32: 5 | C32: SPENCER | D32: 4/5CR | G32: 3 | R32: 12 | W32: 12 | Z32: 4 | AA32: 3 | AB32: 13 | AG32: 13 | BH32: =SUM(E32:BF32) -> 60 | BI32: =(SUM(E32:BG32)*$D$2) -> 18
A33: JIMMY H | B33: 5 | C33: SPENCER | D33: 4/5CR | F33: 4 | G33: 3 | H33: 4 | L33: 3 | M33: 5 | O33: 2 | P33: 3 | Q33: 3 | R33: 10 | W33: 9 | AB33: 8 | AG33: 7 | BH33: =SUM(E33:BF33) -> 61 | BI33: =(SUM(E33:BG33)*$D$2) -> 18.3
A34: OWEN R | B34: 5 | C34: SPENCER | D34: 4/5CR | E34: 4 | F34: 4 | G34: 2 | H34: 2 | O34: 5 | Q34: 4 | R34: 6 | W34: 7 | Y34: 3 | AB34: 6 | AG34: 8 | BH34: =SUM(E34:BF34) -> 51 | BI34: =(SUM(E34:BG34)*$D$2) -> 15.3
A35: MAGGIE C | B35: 4 | C35: SPENCER | D35: 4JH | H35: 6 | Q35: 4 | R35: 3 | W35: 4 | Y35: 4 | AB35: 5 | AG35: 7 | BH35: =SUM(E35:BF35) -> 33 | BI35: =(SUM(E35:BG35)*$D$2) -> 9.9
A36: KYDEN M | B36: 4 | C36: SPENCER | D36: 4JH | H36: 5 | R36: 8 | U36: 4 | Z36: 5 | AA36: 5 | AB36: 4 | AD36: 2 | AF36: 2 | AG36: 8 | BH36: =SUM(E36:BF36) -> 43 | BI36: =(SUM(E36:BG36)*$D$2) -> 12.9
A37: LIAM R | B37: 4 | C37: SPENCER | D37: 4JH | H37: 3 | Q37: 2 | W37: 8 | AD37: 2 | AG37: 9 | AI37: 3 | BH37: =SUM(E37:BF37) -> 27 | BI37: =(SUM(E37:BG37)*$D$2) -> 8.1
A38: BAILEY S | B38: 4 | C38: SPENCER | D38: 4JH | H38: 3 | L38: 1 | R38: 4 | U38: 1 | W38: 6 | AA38: 1 | AB38: 4 | AG38: 6 | BH38: =SUM(E38:BF38) -> 26 | BI38: =(SUM(E38:BG38)*$D$2) -> 7.8
A39: ZARA T | B39: 4 | C39: SPENCER | D39: 4JH | G39: 3 | H39: 5 | L39: 4 | P39: 2 | Q39: 3 | U39: 1 | W39: 2 | Z39: 1 | AB39: 8 | AG39: 6 | BH39: =SUM(E39:BF39) -> 35 | BI39: =(SUM(E39:BG39)*$D$2) -> 10.5
A40: RHETT W | B40: 4 | C40: SPENCER | D40: 4JH | H40: 3 | L40: 4 | M40: 4 | R40: 5 | W40: 8 | Z40: 5 | AB40: 4 | AG40: 6 | BH40: =SUM(E40:BF40) -> 39 | BI40: =(SUM(E40:BG40)*$D$2) -> 11.7
A41: BAILLIE B | B41: 6 | C41: SPENCER | D41: MS1 | E41: 8 | F41: 4 | G41: 5 | L41: 2 | M41: 10 | Q41: 2 | R41: 16 | AA41: 1 | AD41: 3 | AF41: 3 | AG41: 5 | AI41: 2 | BH41: =SUM(E41:BF41) -> 61 | BI41: =(SUM(E41:BG41)*$D$2) -> 18.3
A42: ISABELLA E | B42: 6 | C42: SPENCER | D42: MS1 | E42: 3 | R42: 5 | W42: 10 | Y42: 2 | Z42: 4 | AB42: 6 | AD42: 2 | AF42: 2 | AG42: 4 | BH42: =SUM(E42:BF42) -> 38 | BI42: =(SUM(E42:BG42)*$D$2) -> 11.4
A43: LIVIA P | B43: 6 | C43: SPENCER | D43: MS1 | R43: 3 | AB43: 2 | BH43: =SUM(E43:BF43) -> 5 | BI43: =(SUM(E43:BG43)*$D$2) -> 1.5
A44: WILLOW S | B44: 6 | C44: SPENCER | D44: MS1 | F44: 4 | G44: 3 | H44: 4 | L44: 3 | M44: 5 | O44: 3 | P44: 4 | Q44: 3 | R44: 9 | U44: 5 | W44: 9 | Z44: 4 | AA44: 5 | AB44: 7 | AD44: 3 | AF44: 7 | AG44: 8 | AJ44: 2 | BH44: =SUM(E44:BF44) -> 88 | BI44: =(SUM(E44:BG44)*$D$2) -> 26.4
A45: LOUIS B | B45: 6 | C45: SPENCER | D45: MS2 | R45: 5 | W45: 2 | BH45: =SUM(E45:BF45) -> 7 | BI45: =(SUM(E45:BG45)*$D$2) -> 2.1
A46: OLIVER C | B46: 6 | C46: SPENCER | D46: MS2 | R46: 8 | W46: 7 | AB46: 6 | AI46: 4 | BH46: =SUM(E46:BF46) -> 25 | BI46: =(SUM(E46:BG46)*$D$2) -> 7.5
A47: LARA C | B47: 6 | C47: SPENCER | D47: MS2 | H47: 3 | L47: 3 | M47: 3 | O47: 2 | R47: 4 | W47: 4 | Y47: 3 | AB47: 4 | AG47: 3 | BH47: =SUM(E47:BF47) -> 29 | BI47: =(SUM(E47:BG47)*$D$2) -> 8.7
A48: HENLEY D | B48: 7 | C48: SPENCER | D48: MS2 | L48: 4 | R48: 6 | U48: 2 | W48: 7 | AB48: 1 | BH48: =SUM(E48:BF48) -> 20 | BI48: =(SUM(E48:BG48)*$D$2) -> 6
A49: ALEXIS L | B49: 7 | C49: SPENCER | D49: MS2 | E49: 2 | F49: 3 | G49: 2 | H49: 3 | L49: 3 | M49: 3 | O49: 3 | Q49: 2 | R49: 7 | U49: 3 | W49: 9 | Y49: 4 | AA49: 3 | AB49: 6 | AD49: 4 | AF49: 3 | AG49: 7 | AI49: 3 | AJ49: 2 | BH49: =SUM(E49:BF49) -> 72 | BI49: =(SUM(E49:BG49)*$D$2) -> 21.6
A50: EVIE T | B50: 7 | C50: SPENCER | D50: MS2 | M50: 2 | W50: 2 | AB50: 4 | AG50: 4 | BH50: =SUM(E50:BF50) -> 12 | BI50: =(SUM(E50:BG50)*$D$2) -> 3.6
A51: DYLAN T | B51: 7 | C51: SPENCER | R51: 1 | BH51: =SUM(E51:BF51) -> 1 | BI51: =(SUM(E51:BG51)*$D$2) -> 0.3
A52: KHWAHISH D | B52: 8 | C52: SPENCER | D52: MS3 | AA52: 1 | AB52: 1 | AI52: 1 | BH52: =SUM(E52:BF52) -> 3 | BI52: =(SUM(E52:BG52)*$D$2) -> 0.9
A53: STAN T | B53: 8 | C53: SPENCER | D53: MS3 | BH53: =SUM(E53:BF53) -> 0 | BI53: =(SUM(E53:BG53)*$D$2) -> 0
A54: HARRY D | B54: 8 | C54: SPENCER | D54: MS3 | BH54: =SUM(E54:BF54) -> 0 | BI54: =(SUM(E54:BG54)*$D$2) -> 0
A55: XANDER L | B55: 9 | C55: SPENCER | D55: MS4 | E55: 8 | F55: 8 | G55: 8 | H55: 10 | L55: 8 | M55: 8 | O55: 7 | P55: 8 | Q55: 10 | R55: 15 | U55: 4 | W55: 14 | Y55: 8 | Z55: 8 | AA55: 3 | AD55: 8 | AF55: 9 | AG55: 14 | AI55: 7 | AJ55: 6 | BH55: =SUM(E55:BF55) -> 171 | BI55: =(SUM(E55:BG55)*$D$2) -> 51.3
A56: LIAM P | B56: 9 | C56: SPENCER | D56: MS4 | E56: 6 | F56: 8 | G56: 10 | H56: 9 | L56: 9 | M56: 8 | O56: 2 | P56: 3 | Q56: 3 | R56: 13 | AA56: 3 | AB56: 5 | AD56: 7 | AF56: 8 | AG56: 15 | BH56: =SUM(E56:BF56) -> 109 | BI56: =(SUM(E56:BG56)*$D$2) -> 32.7
A57: JORJA B | B57: 8 | C57: SPENCER | D57: MS5 | E57: 4 | F57: 4 | G57: 1 | H57: 3 | L57: 2 | M57: 3 | P57: 5 | Y57: 2 | Z57: 1 | AA57: 4 | AG57: 7 | AI57: 2 | BH57: =SUM(E57:BF57) -> 38 | BI57: =(SUM(E57:BG57)*$D$2) -> 11.4
A58: GEORGINA B | B58: 8 | C58: SPENCER | D58: MS5 | E58: 2 | F58: 1 | H58: 3 | M58: 2 | R58: 6 | U58: 1 | W58: 5 | Z58: 1 | AB58: 5 | AG58: 10 | BH58: =SUM(E58:BF58) -> 36 | BI58: =(SUM(E58:BG58)*$D$2) -> 10.8
A59: FINN G | B59: 8 | C59: SPENCER | D59: MS5 | W59: 2 | BH59: =SUM(E59:BF59) -> 2 | BI59: =(SUM(E59:BG59)*$D$2) -> 0.6
A60: SAXON W | B60: 8 | C60: SPENCER | D60: MS5 | AB60: 1 | BH60: =SUM(E60:BF60) -> 1 | BI60: =(SUM(E60:BG60)*$D$2) -> 0.3
A61: DESTINY C | B61: 8 | C61: SPENCER | D61: MS5 | M61: 3 | W61: 6 | Y61: 2 | AB61: 2 | BH61: =SUM(E61:BF61) -> 13 | BI61: =(SUM(E61:BG61)*$D$2) -> 3.9
A62: EVALYN M | B62: 9 | C62: SPENCER | D62: MS5 | BH62: =SUM(E62:BF62) -> 0 | BI62: =(SUM(E62:BG62)*$D$2) -> 0
A63: CHARLIE P | B63: 9 | C63: SPENCER | D63: MS5 | BH63: =SUM(E63:BF63) -> 0 | BI63: =(SUM(E63:BG63)*$D$2) -> 0
A64: ELLIE P | B64: 9 | C64: SPENCER | D64: MS5 | F64: 4 | L64: 2 | Q64: 1 | R64: 9 | U64: 1 | W64: 7 | Z64: 5 | AA64: 2 | AG64: 4 | BH64: =SUM(E64:BF64) -> 35 | BI64: =(SUM(E64:BG64)*$D$2) -> 10.5
A65: NOAH H | B65: 1 | C65: SPENCER | D65: R/1 | G65: 2 | R65: 7 | W65: 4 | AJ65: 3 | BH65: =SUM(E65:BF65) -> 16 | BI65: =(SUM(E65:BG65)*$D$2) -> 4.8
A66: GABRIEL M | B66: 1 | C66: SPENCER | D66: R/1 | E66: 1 | F66: 2 | R66: 1 | W66: 2 | Z66: 1 | AA66: 1 | AB66: 3 | AD66: 1 | AF66: 3 | AG66: 2 | BH66: =SUM(E66:BF66) -> 17 | BI66: =(SUM(E66:BG66)*$D$2) -> 5.1
A67: ARCHER Y | B67: 1 | C67: SPENCER | D67: R/1 | E67: 1 | F67: 1 | R67: 5 | W67: 3 | Z67: 1 | BH67: =SUM(E67:BF67) -> 11 | BI67: =(SUM(E67:BG67)*$D$2) -> 3.3
A68: OLLIE C | B68: RE | C68: SPENCER | D68: RKC | E68: 2 | F68: 5 | H68: 1 | R68: 4 | U68: 4 | W68: 5 | Z68: 2 | AA68: 4 | AB68: 2 | AD68: 1 | AF68: 2 | AG68: 6 | AI68: 1 | BH68: =SUM(E68:BF68) -> 39 | BI68: =(SUM(E68:BG68)*$D$2) -> 11.7
A69: ALFIE F | B69: RE | C69: SPENCER | D69: RKC | E69: 4 | F69: 6 | G69: 5 | H69: 5 | R69: 5 | U69: 4 | W69: 8 | Z69: 2 | AA69: 1 | AB69: 2 | AD69: 3 | AF69: 3 | AG69: 5 | AI69: 1 | BH69: =SUM(E69:BF69) -> 54 | BI69: =(SUM(E69:BG69)*$D$2) -> 16.2
A70: TOBY J | B70: RE | C70: SPENCER | D70: RKC | P70: 1 | Q70: 2 | R70: 4 | U70: 1 | AF70: 2 | AG70: 2 | BH70: =SUM(E70:BF70) -> 12 | BI70: =(SUM(E70:BG70)*$D$2) -> 3.6
A71: INDIE R | B71: RE | C71: SPENCER | D71: RKC | W71: 1 | BH71: =SUM(E71:BF71) -> 1 | BI71: =(SUM(E71:BG71)*$D$2) -> 0.3
A72: SAM L | B72: 3 | C72: SPENCER | D72: 3LB | G72: 4 | H72: 7 | M72: 4 | O72: 6 | Q72: 6 | R72: 13 | U72: 6 | W72: 10 | Y72: 7 | Z72: 11 | AA72: 5 | AB72: 12 | AD72: 9 | AF72: 6 | AG72: 12 | AI72: 7 | AJ72: 4 | BH72: =SUM(E72:BF72) -> 129 | BI72: =(SUM(E72:BG72)*$D$2) -> 38.7
A73: PAITEN G | C73: SPENCER | R73: 3 | W73: 6 | Y73: 2 | AB73: 2 | AD73: 1 | BH73: =SUM(E73:BF73) -> 14 | BI73: =(SUM(E73:BG73)*$D$2) -> 4.2
A74: JETT P | C74: SPENCER | R74: 1 | W74: 2 | BH74: =SUM(E74:BF74) -> 3 | BI74: =(SUM(E74:BG74)*$D$2) -> 0.9
A75: ISOBEL C | C75: SPENCER | R75: 2 | W75: 2 | AB75: 4 | BH75: =SUM(E75:BF75) -> 8 | BI75: =(SUM(E75:BG75)*$D$2) -> 2.4
A76: ANGUS C | C76: SPENCER | R76: 1 | BH76: =SUM(E76:BF76) -> 1 | BI76: =(SUM(E76:BG76)*$D$2) -> 0.3
A77: ADDISON | B77: RE | C77: SPENCER | M77: 2 | R77: 1 | W77: 3 | BH77: =SUM(E77:BF77) -> 6 | BI77: =(SUM(E77:BG77)*$D$2) -> 1.8
A78: MRS C | B78: Teacher | C78: SPENCER | W78: 3 | AB78: 1 | BH78: =SUM(E78:BF78) -> 4 | BI78: =(SUM(E78:BG78)*$D$2) -> 1.2
A79: LOGAN C | C79: SPENCER | U79: 3 | W79: 3 | AG79: 2 | BH79: =SUM(E79:BF79) -> 8 | BI79: =(SUM(E79:BG79)*$D$2) -> 2.4
A80: MR TALBOT | C80: SPENCER | W80: 6 | AB80: 6 | AG80: 6 | BH80: =SUM(E80:BF80) -> 18 | BI80: =(SUM(E80:BG80)*$D$2) -> 5.4
A81: OLIVIA E | C81: SPENCER | W81: 2 | BH81: =SUM(E81:BF81) -> 2 | BI81: =(SUM(E81:BG81)*$D$2) -> 0.6
A82: OLIVIA C | C82: SPENCER | AB82: 4 | BH82: =SUM(E82:BF82) -> 4 | BI82: =(SUM(E82:BG82)*$D$2) -> 1.2
A83: MEGAN N | C83: SPENCER | AB83: 2 | AD83: 2 | AG83: 2 | BH83: =SUM(E83:BF83) -> 6 | BI83: =(SUM(E83:BG83)*$D$2) -> 1.8
A85: FINN M | B85: 1 | C85: VINCENT | D85: 1/2LC | AJ85: 1 | BH85: =SUM(E85:BF85) -> 1 | BI85: =(SUM(E85:BG85)*$D$2) -> 0.3
A86: HARLEE M | B86: 1 | C86: VINCENT | D86: 1/2LC | R86: 3 | W86: 4 | BH86: =SUM(E86:BF86) -> 7 | BI86: =(SUM(E86:BG86)*$D$2) -> 2.1
A87: ALISON M | B87: 1 | C87: VINCENT | D87: 1/2LC | R87: 1 | AB87: 1 | BH87: =SUM(E87:BF87) -> 2 | BI87: =(SUM(E87:BG87)*$D$2) -> 0.6
A88: MITCHELL B | B88: 2 | C88: VINCENT | D88: 1/2LC | BH88: =SUM(E88:BF88) -> 0 | BI88: =(SUM(E88:BG88)*$D$2) -> 0
A89: HUGH G | B89: 2 | C89: VINCENT | D89: 1/2LC | W89: 7 | AI89: 1 | AJ89: 2 | BH89: =SUM(E89:BF89) -> 10 | BI89: =(SUM(E89:BG89)*$D$2) -> 3
A90: CHARLIE H | B90: 2 | C90: VINCENT | D90: 1/2LC | R90: 3 | U90: 2 | AD90: 1 | AG90: 1 | BH90: =SUM(E90:BF90) -> 7 | BI90: =(SUM(E90:BG90)*$D$2) -> 2.1
A91: CLAIRE M | B91: 2 | C91: VINCENT | D91: 1/2LC | BH91: =SUM(E91:BF91) -> 0 | BI91: =(SUM(E91:BG91)*$D$2) -> 0
A92: MAGGIE N | B92: 2 | C92: VINCENT | D92: 1/2LC | AD92: 1 | AG92: 1 | BH92: =SUM(E92:BF92) -> 2 | BI92: =(SUM(E92:BG92)*$D$2) -> 0.6
A93: ARYAN | B93: 2 | C93: VINCENT | D93: 1/2LC | E93: 3 | R93: 7 | U93: 4 | W93: 9 | Y93: 4 | AB93: 4 | AI93: 4 | BH93: =SUM(E93:BF93) -> 35 | BI93: =(SUM(E93:BG93)*$D$2) -> 10.5
A94: GEORGE B | B94: 10 | C94: VINCENT | D94: 10CF | R94: 1 | AB94: 1 | BH94: =SUM(E94:BF94) -> 2 | BI94: =(SUM(E94:BG94)*$D$2) -> 0.6
A95: HAMISH C | B95: 10 | C95: VINCENT | D95: 10CF | R95: 2 | AB95: 1 | BH95: =SUM(E95:BF95) -> 3 | BI95: =(SUM(E95:BG95)*$D$2) -> 0.9
A96: ETHAN G | B96: 10 | C96: VINCENT | D96: 10CF | R96: 1 | BH96: =SUM(E96:BF96) -> 1 | BI96: =(SUM(E96:BG96)*$D$2) -> 0.3
A97: OSCAR M | B97: 10 | C97: VINCENT | D97: 10CF | R97: 2 | BH97: =SUM(E97:BF97) -> 2 | BI97: =(SUM(E97:BG97)*$D$2) -> 0.6
A98: HUDSON A | B98: 3 | C98: VINCENT | D98: 3LB | G98: 1 | O98: 3 | P98: 2 | Q98: 3 | R98: 7 | W98: 3 | Y98: 2 | Z98: 3 | AI98: 1 | AJ98: 2 | BH98: =SUM(E98:BF98) -> 27 | BI98: =(SUM(E98:BG98)*$D$2) -> 8.1
A99: LILY M | B99: 3 | C99: VINCENT | D99: 3LB | R99: 5 | BH99: =SUM(E99:BF99) -> 5 | BI99: =(SUM(E99:BG99)*$D$2) -> 1.5
A100: HUNTER H | B100: 3 | C100: VINCENT | D100: 3LB | E100: 3 | F100: 4 | G100: 3 | H100: 5 | L100: 4 | M100: 5 | O100: 5 | P100: 2 | Q100: 3 | R100: 9 | W100: 7 | Y100: 5 | AI100: 4 | AJ100: 5 | BH100: =SUM(E100:BF100) -> 64 | BI100: =(SUM(E100:BG100)*$D$2) -> 19.2
A101: NATE M | B101: 3 | C101: VINCENT | D101: 3LB | F101: 1 | G101: 3 | H101: 8 | L101: 2 | M101: 5 | O101: 8 | P101: 7 | Q101: 7 | R101: 9 | U101: 8 | W101: 10 | Y101: 5 | Z101: 5 | AA101: 4 | AB101: 11 | AF101: 7 | AG101: 5 | AI101: 2 | AJ101: 6 | BH101: =SUM(E101:BF101) -> 113 | BI101: =(SUM(E101:BG101)*$D$2) -> 33.9
...

Sheet Destination Distances
A1: Lap of Yorke Peninsula
B2: Between distances | C2: Accumulative Disctances
A3: Port Wakefield | B3: 25 | C3: 10
A4: Port Clinton | B4: 40 | C4: =C3+B4 -> 50
A5: Ardrossan | B5: 20 | C5: =C4+B5 -> 70
A6: Pine Point | B6: 15 | C6: =C5+B6 -> 85
A7: Port Vincent | B7: 20 | C7: =C6+B7 -> 105
A8: Stansbury | B8: 10 | C8: =C7+B8 -> 115
A9: Wool Bay | B9: 20 | C9: =C8+B9 -> 135
A10: Edithburgh | B10: 15 | C10: =C9+B10 -> 150
A11: Troubridge Point | B11: 50 | C11: =C10+B11 -> 200
A12: Marion Bay | B12: 35 | C12: =C11+B12 -> 235
A13: Corny Point | B13: 30 | C13: =C12+B13 -> 265
A14: Warooka | B14: 20 | C14: =C13+B14 -> 285
A15: Point Turton | B15: 30 | C15: =C14+B15 -> 315
... A20: Wallaroo | B20: 10 | C20: =C19+B20 -> 465
A22: Distances from Minlaton | B22: 0 | C22: Minlaton
A23: Brentwood | B23: 15 | C23: Brentwood
A24: Yorketown | B24: 30 | C24: Yorketown
A25: Port Moorowie | B25: 45 | C25: Port Moorowie
A26: Edithburgh | B26: 50 | C26: Edithburgh
A27: Coobowie | B27: 45 | C27: Coobowie
A28: Wool Bay | B28: 40 | C28: Wool Bay
A29: Stansbury | B29: 40 | C29: Stansbury
A30: Port Vincent | B30: 60 | C30: Port Vincent
A31: Pine Point | B31: 75 | C31: Pine Point
A32: Ardrossan | B32: 90 | C32: Ardrossan
A33: Curramulka | B33: 35 | C33: Curramulka
... A44: Kadina | B44: 120 | C44: Kadina

Sheet Week 2
A1: Baillie Bennett | C1: 7 | D1: 8 | F1: 15
A2: Leo Glazbrook | B2: 5 | C2: 6 | D2: 7 | E2: 8 | F2: 26
A3: Xander Leong | B3: 4 | C3: 7 | D3: 8 | E3: 6 | F3: 25
A4: Liam Pluta | B4: 5 | C4: 7 | D4: 6 | E4: 6 | F4: 24
A5: Livia Pluta | C5: 5 | D5: 6 | E5: 6 | F5: 17
A6: Finn Glazbrook | B6: 4 | C6: 6 | E6: 8 | F6: 18
A7: Maeve Honner | D7: 3 | E7: 2 | F7: 5
A8: Willow Smith | C8: 2 | D8: 5 | E8: 2 | F8: 9
A9: Bailey Smith | C9: 1 | D9: 1 | E9: 1 | F9: 3
A10: Jorja Bennett | B10: 5 | D10: 8 | F10: 13
A11: Rosie Cock | D11: 4 | E11: 2 | F11: 6
A12: Billy Kneebone | B12: 1 | D12: 5 | F12: 6
A13: Max Kneebone | B13: 1 | D13: 4 | E13: 4 | F13: 9
A14: Maggie Cock | D14: 3 | E14: 5 | F14: 8
A15: Ryeley Dutschke | D15: 4 | F15: 4
A16: Eric Dodd | B16: 1 | D16: 2 | E16: 1 | F16: 4
A17: Liam Rohde | D17: 1 | E17: 2 | F17: 3
A18: Gabe McWaters | B18: 2 | D18: 1 | E18: 1 | F18: 4
A19: Elsie Dodd | D19: 2 | F19: 2
A20: Leland Judd | D20: 2 | E20: 1 | F20: 3
A21: Harrison Judd | B21: 1 | D21: 1 | E21: 4 | F21: 6
A22: Noah McDonnell | D22: 2 | F22: 2
A23: Axyl Williams | D23: 2 | F23: 2
A24: Owen Rohde | D24: 1 | E24: 2 | F24: 3
A25: Jimmy Honner | D25: 1 | E25: 2 | F25: 3
A26: Rhett Williams | D26: 1 | E26: 1 | F26: 2
A27: Zara Thomas | D27: 1 | E27: 2 | F27: 3
A28: Aryan Singh | B28: 2 | D28: 5 | F28: 7
A29: Harper Judd | E29: 1 | F29: 1
A30: Alexis Leong | E30: 2 | F30: 2
A31: Henley Dutschke | E31: 1 | F31: 1
A33: YORKE
A34: NAME | B34: Tues | C34: Wed | D34: Thur | E34: Fri | F34: TOTAL
A35: George Preedy | B35: 2 | C35: 5 | D35: 6 | E35: 7 | F35: 20
A36: Bella Weir | E36: 7 | F36: 7
A37: Rose Gibson | E37: 4 | F37: 4
A38: Alfie Crosby | E38: 4 | F38: 4
A39: Dexter Kokar | D39: 1 | E39: 4 | F39: 5
A40: Harry Bray | B40: 5 | C40: 5 | D40: 1 | E40: 4 | F40: 15
A41: Freddy Crosby | E41: 3 | F41: 3
A42: Adeline Crosby | E42: 2 | F42: 2
A43: Josie Cook | E43: 2 | F43: 2
A44: Billy Spiers | E44: 2 | F44: 2
A45: Savannah M | E45: 2 | F45: 2
A46: Maddi Warrior | B46: 3 | C46: 3 | D46: 4 | E46: 5 | F46: 15
A47: Penelope Kokar | D47: 2 | E47: 2 | F47: 4
A48: Charlie Hoyle | B48: 2 | D48: 1 | E48: 3 | F48: 4
A49: Oscar Bray | B49: 2 | C49: 5 | D49: 3 | E49: 2 | F49: 12
A50: Dusty Redding | E50: 2 | F50: 2
A51: Jakob Hoyle | E51: 2 | F51: 2
A52: Mitchell Cook | D52: 1 | E52: 2 | F52: 3
A53: James Mahar | D53: 1 | E53: 2 | F53: 3
A54: Celeste Redding | E54: 2 | F54: 2
A55: Bryce Cranwell | B55: 2 | C55: 2 | D55: 2 | E55: 1 | F55: 7
A56: Hurley Cranwell | B56: 2 | C56: 2 | D56: 5 | E56: 1 | F56: 10
A57: Max Bray | B57: 1 | E57: 1 | F57: 1
A58: Grace Bennett | E58: 1 | F58: 1
A59: Rory Bray | C59: 2 | D59: 1 | F59: 3
A60: India Baillie | C60: 3 | F60: 3
A61: Ayla Cranwell | C61: 4 | F61: 4
A62: Lachlan Hudson | B62: 2 | D62: 3 | F62: 5
A63: Maddie Lewis | B63: 1 | D63: 2 | F63: 3
A64: Kira Weir | B64: 3 | F64: 3
A67: VINCENT
A68: NAME | B68: Tues | C68: Wed | D68: Thur | E68: Fri | F68: TOTAL
A69: Nate Shearer | B69: 3 | C69: 4 | D69: 6 | F69: 13
A70: Hugh Germaine | B70: 2 | D70: 2 | F70: 4
A71: Hudson Aish | B71: 1 | E71: 2 | F71: 3
A72: Sophie Martin | C72: 1 | E72: 2 | F72: 3
A73: Nate Modra | C73: 1 | D73: 3 | E73: 4 | F73: 8
A74: Halle May | D74: 6 | E74: 5 | F74: 11
A75: Sid McDonald | D75: 3 | E75: 1 | F75: 4
A76: Finn McDonald | D76: 3 | E76: 1 | F76: 4
A77: Tuleah Jeffrey | D77: 3 | E77: 6 | F77: 9
A78: Kira Lennerth | D78: 1 | E78: 3 | F78: 4
A79: Brayden Shearer | E79: 6 | F79: 6
A80: Marlie Jeffrey | E80: 5 | F80: 5
A81: Claire Martin | E81: 2 | F81: 2
A82: Loretta | E82: 3 | F82: 3
A83: Hunter Humphrys | E83: 2 | F83: 2
A84: Summer Humphrys | E84: 2 | F84: 2
A85: Harlee Moore | E85: 1 | F85: 1
